country,date,confirmed,deaths,recovered,tests,hospitalized,in.icu,confirmed_m_00-09,confirmed_w_00-09,confirmed_m_10-19,confirmed_w_10-19,confirmed_m_20-29,confirmed_w_20-29,confirmed_m_30-39,confirmed_w_30-39,confirmed_m_40-49,confirmed_w_40-49,confirmed_m_50-59,confirmed_w_50-59,confirmed_m_60-69,confirmed_w_60-69,confirmed_m_70-79,confirmed_w_70-79,confirmed_m_80+,confirmed_w_80+,death_m_00-09,death_w_00-09,death_m_10-19,death_w_10-19,death_m_20-29,death_w_20-29,death_m_30-39,death_w_30-39,death_m_40-49,death_w_40-49,death_m_50-59,death_w_50-59,death_m_60-69,death_w_60-69,death_m_70-79,death_w_70-79,death_m_80+,death_w_80+,first_vaccine,second_vaccine
Portugal,2021-04-13,828173,16923,785809,NA,459,118,23449,22484,38091,38381,55569,62682,54305,64541,60869,76737,54103,68779,40451,43895,25834,29095,22770,45842,1,1,1,1,7,5,21,20,91,62,330,130,1054,458,2271,1326,5114,6030,1553052,603753
Portugal,2021-04-12,827765,16918,785063,NA,479,119,23443,22477,38073,38365,55541,62645,54265,64513,60844,76698,54077,68740,40425,43881,25821,29086,22756,45819,1,1,1,1,7,5,21,20,91,62,330,130,1054,458,2270,1325,5113,6028,1523230,601591
Portugal,2021-04-11,827494,16916,784618,NA,466,113,23440,22478,38065,38354,55502,62635,54225,64490,60837,76690,54054,68710,40425,43863,25803,29067,22749,45811,1,1,1,1,7,5,21,20,91,62,330,130,1054,458,2269,1325,5112,6028,NA,NA
Portugal,2021-04-10,826928,16910,784208,NA,466,119,NA,NA,NA,NA,NA,NA,NA,NA,NA,NA,NA,NA,NA,NA,NA,NA,NA,NA,NA,NA,NA,NA,NA,NA,NA,NA,NA,NA,NA,NA,NA,NA,NA,NA,NA,NA,1520991,601007
Portugal,2021-04-09,826327,16904,783523,NA,486,128,NA,NA,NA,NA,NA,NA,NA,NA,NA,NA,NA,NA,NA,NA,NA,NA,NA,NA,NA,NA,NA,NA,NA,NA,NA,NA,NA,NA,NA,NA,NA,NA,NA,NA,NA,NA,1453212,586316
Portugal,2021-04-08,825633,16899,782895,NA,495,122,23350,22409,37980,38295,55348,62491,54058,64348,60726,76544,53934,68568,40321,43739,25749,29017,22718,45746,1,1,1,1,7,5,21,20,91,62,330,130,1052,457,2264,1325,5108,6023,1397726,571310
Portugal,2021-04-07,825031,16890,782294,NA,488,116,23320,22383,37963,38275,55285,62459,54012,64288,60675,76505,53898,68519,40290,43695,25737,29008,22701,45728,1,1,1,1,7,5,21,20,91,61,330,130,1050,457,2263,1324,5106,6021,1346317,560871
Portugal,2021-04-06,824368,16887,781537,NA,504,113,23307,22365,37929,38251,55227,62410,53978,64241,60609,76448,53851,68449,40252,43656,25717,28989,22687,45710,1,1,1,1,7,5,21,20,91,61,330,130,1049,457,2261,1324,5106,6021,1309681,557789
Portugal,2021-04-05,823494,16885,780643,NA,536,112,NA,NA,NA,NA,NA,NA,NA,NA,NA,NA,NA,NA,NA,NA,NA,NA,NA,NA,NA,NA,NA,NA,NA,NA,NA,NA,NA,NA,NA,NA,NA,NA,NA,NA,NA,NA,1282956,551869
Portugal,2021-04-04,823335,16879,780322,NA,517,117,23264,22314,37911,38232,55154,62325,53891,64161,60527,76372,53771,68369,40207,43586,25676,28965,22657,45666,1,1,1,1,7,5,21,20,91,61,330,130,1049,456,2258,1324,5103,6020,1281718,551500
Portugal,2021-04-03,823142,16875,779973,NA,512,126,NA,NA,NA,NA,NA,NA,NA,NA,NA,NA,NA,NA,NA,NA,NA,NA,NA,NA,NA,NA,NA,NA,NA,NA,NA,NA,NA,NA,NA,NA,NA,NA,NA,NA,NA,NA,1270907,544377
Portugal,2021-04-02,822862,16868,779655,NA,513,131,23240,22297,37904,38220,55118,62289,53844,64133,60502,76336,53747,68353,40168,43539,25664,28951,22636,45636,1,1,1,1,7,5,21,20,91,61,330,130,1046,456,2257,1323,5100,6017,NA,NA
Portugal,2021-04-01,822314,16859,778912,NA,538,129,23212,22264,37897,38209,55085,62243,53799,64080,60455,76306,53701,68311,40137,43515,25652,28934,22620,45608,1,1,1,1,7,5,21,20,91,61,330,130,1046,456,2255,1321,5097,6015,NA,NA
Portugal,2021-03-31,821722,16848,778210,NA,558,127,23179,22229,37873,38194,55050,62194,53757,64034,60400,76263,53657,68273,40111,43476,25630,28925,22605,45586,1,1,1,1,7,5,21,20,91,61,330,129,1044,456,2254,1320,5096,6010,NA,NA
Portugal,2021-03-30,821104,16845,777503,NA,584,129,23120,22194,37839,38184,55020,62155,53736,63984,60327,76209,53620,68229,40080,43442,25606,28912,22593,45570,1,1,1,1,7,5,21,20,91,61,330,129,1043,456,2253,1320,5095,6010,NA,NA
Portugal,2021-03-29,820716,16843,775849,NA,623,136,23114,22178,37831,38172,54994,62134,53714,63963,60285,76174,53588,68196,40067,43410,25582,28897,22579,45555,1,1,1,1,7,5,21,20,91,61,330,129,1042,456,2253,1320,5095,6009,NA,NA
Portugal,2021-03-28,820407,16837,775391,NA,633,142,23105,22166,37805,38156,54972,62122,53701,63941,60270,76148,53565,68183,40041,43374,25575,28894,22561,45544,1,1,1,1,7,5,21,20,91,61,330,129,1042,456,2251,1320,5094,6006,NA,NA
Portugal,2021-03-27,820042,16827,775007,NA,618,148,23092,22152,37798,38158,54940,62096,53680,63923,60245,76114,53544,68150,40018,43338,25560,28877,22543,45530,1,1,1,1,7,5,21,20,91,61,329,129,1042,455,2250,1319,5089,6005,NA,NA
Portugal,2021-03-26,819698,16819,771339,NA,669,155,23092,22148,37779,38156,54916,62086,53663,63905,60217,76085,53520,68132,39992,43309,25543,28862,22518,45491,1,1,1,1,7,5,21,20,91,61,328,129,1042,454,2250,1318,5087,6002,NA,NA
Portugal,2021-03-25,819210,16814,770448,NA,695,154,23084,22136,37746,38129,54862,62048,53638,63877,60183,76048,53485,68105,39960,43279,25540,28847,22502,45463,1,1,1,1,7,5,21,20,91,61,328,129,1042,454,2249,1317,5087,5999,NA,NA
Portugal,2021-03-24,818787,16805,769838,NA,712,155,23074,22129,37732,38120,54836,62031,53585,63854,60154,76015,53437,68086,39922,43242,25524,28829,22485,45440,1,1,1,1,7,5,21,20,91,61,328,129,1040,454,2249,1316,5085,5995,NA,NA
Portugal,2021-03-23,818212,16794,769086,NA,743,159,23061,22121,37715,38096,54772,61997,53521,63804,60124,75984,53396,68036,39893,43193,25501,28812,22472,45420,1,1,1,1,7,5,21,20,91,61,326,129,1040,454,2249,1316,5082,5989,NA,NA
Portugal,2021-03-22,817778,16784,767874,NA,771,165,23054,22120,37696,38071,54750,61967,53505,63790,60095,75935,53360,68000,39855,43175,25485,28790,22455,45385,1,1,1,1,7,5,21,20,91,61,326,129,1040,454,2247,1315,5080,5984,NA,NA
Portugal,2021-03-21,817530,16768,767319,NA,765,170,23053,22118,37690,38069,54735,61944,53490,63775,60078,75920,53333,67976,39844,43146,25472,28785,22443,45369,1,1,1,1,7,5,21,20,91,61,325,129,1039,454,2242,1315,5076,5979,NA,NA
Portugal,2021-03-20,817080,16762,766924,NA,744,170,NA,NA,NA,NA,NA,NA,NA,NA,NA,NA,NA,NA,NA,NA,NA,NA,NA,NA,NA,NA,NA,NA,NA,NA,NA,NA,NA,NA,NA,NA,NA,NA,NA,NA,NA,NA,NA,NA
Portugal,2021-03-19,816623,16754,766170,NA,789,182,23022,22095,37661,38050,54667,61873,53426,63707,60014,75839,53287,67879,39798,43073,25443,28751,22412,45335,1,1,1,1,7,5,21,20,91,61,325,129,1035,453,2238,1314,5073,5978,NA,NA
Portugal,2021-03-18,816055,16743,764599,NA,828,187,23005,22077,37637,38028,54623,61828,53374,63671,59977,75786,53247,67842,39775,43024,25421,28741,22407,45302,1,1,1,1,7,5,21,20,90,61,325,129,1031,453,2237,1313,5071,5976,NA,NA
Portugal,2021-03-17,815570,16722,764019,NA,856,205,22990,22071,37622,38016,54580,61791,53330,63644,59940,75746,53217,67800,39747,42996,25406,28710,22393,45286,1,1,1,1,7,5,21,20,90,61,324,128,1028,453,2232,1311,5065,5973,NA,NA
Portugal,2021-03-16,814897,16707,762961,NA,955,213,22978,22059,37590,37997,54543,61735,53288,63594,59894,75686,53173,67728,39706,42956,25384,28681,22373,45246,1,1,1,1,7,5,21,20,90,61,323,128,1027,452,2229,1309,5061,5970,NA,NA
Portugal,2021-03-15,814513,16694,761788,NA,996,231,22976,22047,37578,37985,54504,61726,53264,63566,59863,75662,53152,67691,39680,42929,25371,28664,22352,45219,1,1,1,1,7,5,21,20,89,61,323,126,1026,452,2226,1307,5059,5968,NA,NA
Portugal,2021-03-14,814257,16684,759417,NA,976,242,22972,22052,37580,37972,54483,61715,53264,63545,59838,75651,53127,67663,39670,42899,25354,28651,22339,45197,1,1,1,1,7,5,21,20,89,61,323,126,1025,452,2224,1306,5057,5964,NA,NA
Portugal,2021-03-13,813716,16669,756259,NA,980,253,22956,22039,37553,37949,54431,61665,53228,63513,59805,75603,53085,67626,39644,42875,25338,28629,22328,45168,1,1,1,1,7,5,21,20,88,61,322,126,1025,452,2220,1304,5055,5959,NA,NA
Portugal,2021-03-12,813152,16650,749770,NA,1046,266,22926,22023,37547,37922,54361,61623,53187,63493,59773,75563,53043,67579,39621,42847,39621,42847,22308,45128,1,1,1,1,7,5,21,20,88,60,322,126,1024,452,2218,1303,5051,5949,NA,NA
Portugal,2021-03-11,812575,16635,744196,NA,1102,273,22913,21999,37527,37904,54313,61583,53145,63456,59732,75527,53003,67524,39589,42810,25295,28584,22291,45097,1,1,1,1,7,5,21,20,88,60,322,125,1023,450,2216,1301,5046,5947,NA,NA
Portugal,2021-03-10,811948,16617,738179,NA,1201,283,NA,NA,NA,NA,NA,NA,NA,NA,NA,NA,NA,NA,NA,NA,NA,NA,NA,NA,NA,NA,NA,NA,NA,NA,NA,NA,NA,NA,NA,NA,NA,NA,NA,NA,NA,NA,NA,NA
Portugal,2021-03-09,811306,16595,734218,NA,1278,312,NA,NA,NA,NA,NA,NA,NA,NA,NA,NA,NA,NA,NA,NA,NA,NA,NA,NA,NA,NA,NA,NA,NA,NA,NA,NA,NA,NA,NA,NA,NA,NA,NA,NA,NA,NA,NA,NA
Portugal,2021-03-08,810459,16565,732346,NA,1403,342,22853,21950,37452,37830,54143,61434,52966,63328,59568,75382,52844,67364,39483,42673,25206,28506,22227,44981,1,1,1,1,7,5,21,20,88,60,318,124,1015,446,2200,1299,5028,5930,NA,NA
Portugal,2021-03-07,810094,16540,731567,NA,1414,354,22843,21942,37452,37816,54098,61414,52953,63301,59556,75363,52820,67314,39458,42649,25193,28487,22210,44956,1,1,1,1,7,5,21,20,88,60,318,123,1014,445,2196,1299,5019,5921,NA,NA
Portugal,2021-03-06,809412,16512,730601,NA,1416,363,NA,NA,NA,NA,NA,NA,NA,NA,NA,NA,NA,NA,NA,NA,NA,NA,NA,NA,NA,NA,NA,NA,NA,NA,NA,NA,NA,NA,NA,NA,NA,NA,NA,NA,NA,NA,NA,NA
Portugal,2021-03-05,808405,16486,728659,NA,1583,383,22773,21875,37381,37737,53967,61316,52832,63194,59425,75234,52708,67167,39372,42577,25128,28409,22162,44881,1,1,1,1,7,5,20,20,87,60,314,123,1014,444,2177,1294,5004,5913,NA,NA
Portugal,2021-03-04,807456,16458,727053,NA,1708,399,22742,21859,37338,37694,53899,61261,52782,63112,59358,75163,52619,67080,39317,42521,25094,28377,22128,44844,1,1,1,1,7,5,20,20,87,60,312,123,1012,444,2173,1293,4993,5905,NA,NA
Portugal,2021-03-03,806626,16430,725399,NA,1827,415,22722,21840,37316,37673,53827,61185,52735,63061,59298,75071,52549,67018,39295,42467,25067,28349,22106,44777,1,1,1,1,7,5,20,20,87,59,310,123,1009,442,2169,1288,4989,5898,NA,NA
Portugal,2021-03-02,805647,16389,723465,NA,1997,446,22698,21811,37261,37611,53759,61137,52687,62978,59225,74981,52485,66943,39230,42388,25041,28316,22090,44734,1,1,1,1,7,5,20,20,87,59,310,122,1008,439,2164,1284,4971,5889,NA,NA
Portugal,2021-03-01,804956,16351,720235,NA,2167,469,22683,21788,37228,37598,53720,61088,52627,62938,59161,74930,52440,66866,39194,42353,25012,28299,22068,44693,1,1,1,1,7,5,20,20,87,59,307,121,1007,437,2160,1280,4961,5876,NA,NA
Portugal,2021-02-28,804562,16317,718977,NA,2165,484,22674,21773,37214,37597,53694,61062,52590,62909,59143,74921,52408,66834,39174,42303,24997,28281,22050,44668,1,1,1,1,7,5,20,19,87,59,307,121,1003,436,2158,1277,4952,5862,NA,NA
Portugal,2021-02-27,803844,16276,717313,NA,2180,492,22641,21751,37183,37566,53641,61031,52539,62863,59076,74867,52359,66780,39135,42265,24972,28257,22025,44623,1,1,1,1,7,5,20,19,87,59,306,121,998,433,2146,1276,4940,5855,NA,NA
Portugal,2021-02-26,802773,16243,714493,NA,2404,522,22619,21715,37135,37536,53560,60951,52472,62800,59000,74791,52275,66682,39073,42191,24935,28208,21992,44569,1,1,1,1,7,5,20,19,87,59,305,120,998,430,2139,1270,4932,5848,NA,NA
Portugal,2021-02-25,801746,16185,711713,NA,2613,536,22583,21686,37093,37475,53490,60900,52405,62742,58925,74714,52198,66605,39007,42135,24895,28168,21958,44497,1,1,1,1,7,5,20,19,87,59,304,119,991,430,2131,1262,4919,5828,NA,NA
Portugal,2021-02-24,800586,16136,709054,NA,2767,567,22554,21660,37054,37434,53400,60827,52325,62655,58844,74634,52131,66514,38946,42051,24838,28123,21920,44405,1,1,1,1,7,5,20,19,87,59,303,119,988,429,2123,1256,4904,5813,NA,NA
Portugal,2021-02-23,799106,16086,705976,NA,3012,597,22523,21621,36987,37374,53294,60727,52212,62551,58723,74505,52033,66399,38877,41959,24787,28058,21875,44329,1,1,1,1,7,5,20,19,87,59,303,119,985,427,2116,1252,4885,5798,NA,NA
Portugal,2021-02-22,798074,16023,701409,NA,3322,627,NA,NA,NA,NA,NA,NA,NA,NA,NA,NA,NA,NA,NA,NA,NA,NA,NA,NA,NA,NA,NA,NA,NA,NA,NA,NA,NA,NA,NA,NA,NA,NA,NA,NA,NA,NA,NA,NA
Portugal,2021-02-21,797525,15962,699222,NA,3316,638,22484,21603,36946,37305,53195,60636,52117,62453,58586,74385,51919,66273,38798,41870,24708,27993,21801,44182,1,1,1,1,6,5,20,19,85,59,301,119,977,421,2101,1240,4845,5760,NA,NA
Portugal,2021-02-20,796339,15897,696916,NA,3284,656,22446,21575,36896,37265,53106,60545,52054,62393,58498,74294,51824,66198,38737,41782,24660,27938,21757,44101,1,1,1,1,6,5,20,19,85,59,297,119,972,419,2087,1237,4830,5738,NA,NA
Portugal,2021-02-19,794769,15821,691866,NA,3584,669,22413,21531,36825,37206,53012,60433,51955,62270,58382,74163,51731,66060,38639,41686,24604,27882,21707,43999,1,1,1,1,6,5,20,19,85,58,295,119,968,412,2082,1232,4805,5711,NA,NA
Portugal,2021-02-18,792829,15754,687462,NA,3819,688,22364,21488,36743,37116,52881,60287,51824,62136,58243,74022,51596,65891,38508,41574,24533,27805,21661,43882,1,1,1,1,6,5,20,19,85,58,294,119,963,407,2068,1229,4783,5694,NA,NA
Portugal,2021-02-17,790885,15649,683061,NA,4137,719,22314,21439,36654,37032,52762,60160,51677,61987,58103,73882,51478,65736,38408,41459,24460,27694,21606,43767,1,1,1,1,6,5,20,19,84,58,289,117,954,401,2050,1219,4763,5660,NA,NA
Portugal,2021-02-16,788561,15522,677719,NA,4482,752,22265,21367,36562,36932,52623,60015,51524,61812,57931,73700,51315,65537,38296,41330,24362,27606,21523,43596,1,1,1,1,6,5,20,19,83,58,286,116,944,399,2030,1205,4726,5621,NA,NA
Portugal,2021-02-15,787059,15411,668854,NA,4832,784,22250,21356,36506,36872,52532,59909,51403,61721,57826,73582,51199,65412,38212,41228,24294,27533,21465,43497,1,1,1,1,6,5,20,19,83,58,281,112,938,396,2016,1194,4695,5584,NA,NA
Portugal,2021-02-14,785756,15321,665316,NA,4826,795,22226,21313,36461,36822,52459,59813,51316,61642,57736,73469,51114,65308,38121,41162,24239,27458,21423,43412,1,1,1,1,6,4,20,19,81,57,278,111,934,394,2006,1182,4667,5558,NA,NA
Portugal,2021-02-13,784079,15183,661525,NA,4850,803,22186,21267,36383,36734,52352,59711,51217,61544,57613,73338,50992,65175,38032,41054,24191,27389,21357,43280,1,1,1,1,6,4,20,19,80,57,277,110,920,388,1989,1164,4623,5522,NA,NA
Portugal,2021-02-12,781223,15034,652739,NA,5230,846,22119,21198,36260,36609,52153,59511,51019,61345,57423,73118,50788,64928,37884,40885,24094,27267,21268,43093,1,1,1,1,6,4,20,18,80,55,275,107,906,382,1964,1153,4587,5473,NA,NA
Portugal,2021-02-11,778369,14885,645122,NA,5570,836,22066,21142,36141,36474,51959,59324,50842,61158,57211,72864,50607,64683,37722,40739,23987,27116,21175,42901,1,1,1,1,6,4,19,18,80,55,273,107,901,377,1941,1143,4537,5420,NA,NA
Portugal,2021-02-10,774889,14718,636859,NA,5829,853,21986,21071,36009,36346,51746,59087,50638,60925,56939,72572,50369,64377,37503,40486,23868,26948,21080,42684,1,1,1,1,6,4,19,18,78,54,267,107,887,374,1915,1128,4487,5370,NA,NA
Portugal,2021-02-09,770502,14557,628078,NA,6070,862,21869,20983,35818,36197,51524,58813,50381,60605,56616,72191,50089,63936,37259,40216,23717,26751,20920,42369,1,1,1,1,6,4,19,17,78,52,266,107,877,366,1888,1119,4442,5312,NA,NA
Portugal,2021-02-08,767919,14354,612921,NA,6344,877,21823,20935,35726,36112,51369,58648,50209,60404,56425,71987,49896,63731,37108,40086,23590,26637,20801,42184,1,1,1,1,6,4,18,16,76,51,262,105,867,359,1859,1105,4387,5235,NA,NA
Portugal,2021-02-07,765414,14158,606166,NA,6248,865,21750,20862,35640,35993,51215,58489,50046,60233,56229,71763,49725,63510,36953,39940,23504,26537,20729,42047,1,1,1,1,6,4,18,16,74,49,256,102,856,356,1832,1092,4331,5162,NA,NA
Portugal,2021-02-06,761906,13954,599593,NA,6158,891,21662,20779,35472,35826,51006,58278,49852,60009,55985,71460,49452,63216,36771,39728,23360,26396,20611,41796,1,1,1,1,6,4,18,16,73,49,253,101,846,352,1785,1073,4272,5102,NA,NA
Portugal,2021-02-05,755774,13740,585276,NA,6412,904,21485,20613,35228,35576,50668,57924,49520,59589,55520,70920,49048,62666,36417,39363,23150,26125,20381,41339,0,1,1,1,6,4,17,16,70,47,250,101,833,344,1756,1056,4211,5026,NA,NA
Portugal,2021-02-04,748858,13482,573934,NA,6496,863,21252,20442,34913,35238,50276,57471,49127,59101,55004,70265,48578,62136,36049,38953,22915,25840,20166,40919,0,1,1,1,6,4,17,14,69,46,247,99,814,335,1726,1037,4132,4933,NA,NA
Portugal,2021-02-03,740944,13257,563174,NA,6684,877,21034,20231,34560,34878,49799,56960,48665,58584,54426,69533,47996,61471,35645,38462,22625,25480,19939,40427,0,1,1,1,6,4,17,14,69,45,244,98,799,328,1694,1012,4075,4849,NA,NA
Portugal,2021-02-02,731861,13017,551956,NA,6775,852,NA,NA,NA,NA,NA,NA,NA,NA,NA,NA,NA,NA,NA,NA,NA,NA,NA,NA,NA,NA,NA,NA,NA,NA,NA,NA,NA,NA,NA,NA,NA,NA,NA,NA,NA,NA,NA,NA
Portugal,2021-02-01,726321,12757,534384,NA,6869,865,20639,19815,33932,34184,48975,56082,47773,57536,53289,68161,46913,60302,34833,37575,22112,24930,19497,39546,0,1,1,1,5,4,17,14,68,41,234,95,762,312,1636,973,3922,4671,NA,NA
Portugal,2021-01-31,720516,12482,526411,NA,6694,858,20424,19620,33695,33906,48653,55708,47444,57140,52857,67630,46510,59808,34563,37247,21934,24696,19305,39152,0,1,1,1,5,4,17,13,68,40,225,93,744,308,1593,953,3836,4580,NA,NA
Portugal,2021-01-30,711018,12179,518900,NA,6544,843,20076,19261,33183,33408,48166,55112,46847,56472,52130,66733,45901,59012,34093,36737,21599,24350,19049,38664,0,1,1,1,5,4,17,12,68,40,221,91,723,298,1564,934,3739,4460,NA,NA
Portugal,2021-01-29,698583,11886,504886,NA,6627,806,19657,18893,32553,32832,47443,54308,46102,55579,51192,65527,45112,57896,33419,36018,21222,23885,18714,38009,0,1,1,1,5,4,16,12,66,39,217,86,705,286,1540,911,3647,4349,NA,NA
Portugal,2021-01-28,685383,11608,493699,NA,6565,782,19229,18511,31842,32190,46695,53452,45285,54630,50203,64274,44241,56731,32703,35294,20841,23390,18370,37292,0,1,1,1,5,4,14,12,65,36,211,84,694,278,1504,889,3567,4242,NA,NA
Portugal,2021-01-27,668951,11305,484753,NA,6603,783,18639,17938,31014,31374,45711,52349,44308,53416,48920,62758,43159,55405,31879,34315,20323,22850,17963,36427,0,1,1,1,5,3,13,12,63,35,207,82,679,267,1469,867,3464,4136,NA,NA
Portugal,2021-01-26,653878,11012,475485,NA,6472,765,18170,17500,30262,30661,44869,51392,43412,52250,47733,61225,42047,54134,31101,33496,19840,22299,17608,35679,0,1,1,1,5,3,13,12,61,32,205,81,668,261,1428,831,3360,4049,NA,NA
Portugal,2021-01-25,643113,10721,461757,NA,6420,767,17843,17186,29777,30171,44246,50652,42732,51428,46871,60180,41268,53264,30542,32912,19457,21920,17340,35129,0,1,1,1,5,3,12,12,59,31,199,76,650,257,1393,807,3270,3944,NA,NA
Portugal,2021-01-24,636190,10469,456491,NA,6117,742,17594,16937,29434,29813,43836,50194,42304,50909,46349,59540,40815,52707,30187,32549,19217,21674,17128,34809,0,1,1,1,5,3,12,12,59,30,195,75,625,252,1356,794,3200,3848,NA,NA
Portugal,2021-01-23,624469,10194,451324,NA,5922,720,17185,16581,28831,29212,43160,49364,41564,50100,45443,58379,40036,51755,29612,31920,18885,21291,16771,34189,0,1,1,1,5,3,12,12,59,29,191,74,610,244,1318,771,3117,3746,NA,NA
Portugal,2021-01-22,609136,9920,441556,NA,5779,715,16725,16084,27996,28428,42251,48351,40617,48895,44230,56926,39009,50419,28852,31120,18420,20814,16374,33434,0,1,1,1,5,3,12,12,58,29,184,73,587,238,1277,751,3035,3653,NA,NA
Portugal,2021-01-21,595149,9686,434237,NA,5630,702,16253,15642,27213,27712,41400,47389,39721,47806,43155,55606,38062,49260,28230,30400,18016,20353,16024,32719,0,1,1,1,5,3,12,12,57,29,183,73,575,234,1241,734,2959,3566,NA,NA
Portugal,2021-01-20,581605,9465,428364,NA,5493,681,15808,15213,26457,27009,40617,46504,38886,46790,42116,54253,37151,48117,27592,29696,17613,19930,15622,32048,0,1,1,1,5,3,12,11,56,29,176,72,561,229,1213,715,2900,3480,NA,NA
Portugal,2021-01-19,566958,9246,421871,NA,5291,670,15385,14819,25716,26302,39770,45542,37960,45585,40996,52820,36193,46914,26907,28953,17149,19404,15150,31211,0,1,1,1,4,3,11,11,54,28,172,71,548,225,1191,692,2826,3407,NA,NA
Portugal,2021-01-18,556503,9028,411589,NA,5165,664,15132,14541,25258,25868,39168,44845,37323,44765,40187,51822,35507,46013,26344,28410,16800,19052,14826,30463,0,1,1,1,4,3,9,11,54,28,168,68,537,220,1159,682,2764,3318,NA,NA
Portugal,2021-01-17,549801,8861,406929,NA,4889,647,14909,14318,24887,25534,38737,44378,36904,44231,39693,51206,35806,45499,26002,28072,16579,18838,14640,30109,0,1,1,1,3,3,9,9,54,27,167,66,530,215,1142,677,2702,3254,NA,NA
Portugal,2021-01-16,539416,8709,402542,NA,4653,638,14546,13994,24342,24994,38146,43649,36284,43486,38925,50221,34496,44686,25519,27481,16252,18511,14349,29407,0,1,1,1,3,3,9,8,54,27,165,65,524,212,1116,664,2654,3202,NA,NA
Portugal,2021-01-15,528469,8543,394065,NA,4560,622,14197,13662,23749,24359,37445,42867,35633,42656,38109,49193,33768,43779,25013,26959,15889,18129,14050,28838,0,1,1,1,3,3,9,7,53,27,160,65,211,209,1096,649,2602,3146,NA,NA
Portugal,2021-01-14,517806,8384,387607,NA,4368,611,13843,13321,23240,23790,36694,42134,34952,41868,37333,48183,33046,42892,24526,26465,15540,17753,13774,28283,0,1,1,1,3,3,9,7,52,27,157,65,504,203,1074,638,2560,3079,NA,NA
Portugal,2021-01-13,507108,8236,382544,NA,4240,596,13524,12998,22723,23308,36004,41364,34299,41072,36554,47163,32376,41999,23978,25933,15208,17353,13428,27657,0,1,1,1,3,3,9,7,49,26,155,64,490,197,1060,618,2522,3030,NA,NA
Portugal,2021-01-12,496552,8080,378084,NA,4043,599,13225,12699,22215,22816,35334,40545,33562,40252,35833,46145,31709,41096,23419,25372,14899,16989,13169,27106,0,1,1,1,3,3,8,7,47,26,151,63,480,195,1048,609,2465,2972,NA,NA
Portugal,2021-01-11,489293,7925,372056,NA,3983,567,13047,12551,21875,22477,34851,39947,33094,39700,35330,45504,31217,40522,23007,24937,14644,16701,12974,26751,0,1,1,1,3,3,8,7,46,26,147,63,469,189,1035,597,2422,2907,NA,NA
Portugal,2021-01-10,483689,7803,369108,NA,3770,558,12880,12414,21620,22205,34458,39500,32757,39266,34935,45014,30872,40073,22735,24621,14479,16506,12802,26387,0,1,1,1,3,3,8,7,45,26,145,63,459,185,1018,583,2392,2863,NA,NA
Portugal,2021-01-09,476187,7701,366080,NA,3555,540,12647,12217,21262,21849,33921,38926,32264,38695,34407,44397,30384,39470,22375,24202,14251,16237,12611,25908,0,1,1,1,3,3,8,7,44,26,144,61,455,183,1001,577,2358,2828,NA,NA
Portugal,2021-01-08,466709,7590,360181,NA,3451,536,12415,11994,20815,21370,33240,38182,31634,37996,33764,43539,29790,38746,21907,23678,13945,15886,12330,25320,0,1,1,1,3,3,8,7,44,24,143,60,447,179,982,569,2328,2790,NA,NA
Portugal,2021-01-07,456533,7472,355701,NA,3333,514,12156,11738,20316,20856,32460,37329,30926,37213,33050,42658,29139,37923,21406,23143,13666,15529,12089,24777,0,1,1,1,3,3,8,7,41,22,141,58,441,179,963,563,2294,2746,NA,NA
Portugal,2021-01-06,446606,7377,352225,NA,3293,513,11918,11504,19820,20354,31750,36512,30272,36412,32352,41737,28524,37106,20951,22640,13405,15167,11806,24219,0,1,1,1,3,3,8,7,40,22,139,58,437,178,945,556,2270,2708,NA,NA
Portugal,2021-01-05,436579,7286,349110,NA,3260,512,11692,11243,19328,19859,31047,35629,29582,35586,31602,40871,27885,36277,20476,22131,13118,14844,11530,23724,0,1,1,1,3,3,8,7,40,22,138,58,432,173,927,551,2244,2677,NA,NA
Portugal,2021-01-04,431623,7196,344419,NA,3171,510,11594,11141,19143,19632,30732,35217,29244,35167,31218,40379,27568,35874,20247,21851,12942,14666,11386,23470,0,1,1,1,3,3,8,6,40,22,136,56,425,166,917,549,2218,2644,NA,NA
Portugal,2021-01-03,427254,7118,342535,NA,3044,500,11477,11040,18962,19444,30471,34894,28961,34828,30874,39998,27283,35511,20015,21630,12775,14509,11240,23194,0,1,1,1,3,3,8,6,40,21,133,55,419,164,911,543,2194,2615,NA,NA
Portugal,2021-01-02,423870,7045,340150,NA,2858,492,11389,10957,18830,19309,30253,34640,28743,34592,30623,39710,27066,35195,19849,21450,12651,14366,11133,22967,0,1,1,1,3,3,7,6,40,20,131,55,412,164,897,539,2174,2591,NA,NA
Portugal,2021-01-01,420629,6972,338668,NA,2806,483,NA,NA,NA,NA,NA,NA,NA,NA,NA,NA,NA,NA,NA,NA,NA,NA,NA,NA,NA,NA,NA,NA,NA,NA,NA,NA,NA,NA,NA,NA,NA,NA,NA,NA,NA,NA,NA,NA
Portugal,2020-12-31,413678,6906,334276,NA,2840,482,11126,10693,18389,18831,29568,33809,28011,33749,29944,38828,26409,34341,19353,20895,12323,13995,10830,22438,0,1,1,1,3,3,7,6,39,20,128,54,402,160,879,526,2129,2547,NA,NA
Portugal,2020-12-30,406051,6830,331016,NA,2896,487,10944,10487,18082,18439,29030,33195,27509,33135,29400,38101,25490,33693,19015,20522,12111,13714,10647,21943,0,1,1,1,3,3,6,6,38,20,125,53,397,159,870,521,2113,2513,NA,NA
Portugal,2020-12-29,400002,6751,327794,NA,2930,486,10812,10324,17806,18145,28621,32723,27065,32627,28957,37516,25478,33210,18729,20234,11946,13503,10493,21674,0,1,1,1,3,3,6,6,38,20,125,52,396,155,862,516,2086,2480,NA,NA
Portugal,2020-12-28,396666,6677,321682,NA,2967,503,10741,10239,17669,18028,28355,32457,26823,32371,28682,37215,25244,32921,18538,20042,11826,13395,10436,21545,0,1,1,1,2,3,6,6,38,20,123,51,392,153,847,512,2067,2454,NA,NA
Portugal,2020-12-27,394573,6619,319746,NA,2870,504,10688,10196,17578,17925,28215,32292,26696,32210,28520,37023,25099,32747,18421,19948,11753,13305,10381,21438,0,1,1,1,2,3,6,6,38,20,122,50,388,152,843,507,2044,2435,NA,NA
Portugal,2020-12-26,392996,6556,316671,NA,2790,513,NA,NA,NA,NA,NA,NA,NA,NA,NA,NA,NA,NA,NA,NA,NA,NA,NA,NA,NA,NA,NA,NA,NA,NA,NA,NA,NA,NA,NA,NA,NA,NA,NA,NA,NA,NA,NA,NA
Portugal,2020-12-25,391782,6478,315126,NA,2754,504,10607,10127,17451,17810,28039,32090,26525,32006,28287,36766,24895,32519,18268,19789,11670,13195,10281,21319,0,1,1,1,2,3,6,6,38,20,120,50,377,151,825,494,2003,2380,NA,NA
Portugal,2020-12-24,387636,6413,312533,NA,2853,505,10470,9998,172277,17625,27793,31800,26265,31675,27980,36360,24630,32177,18054,19583,11524,13039,10165,21083,0,1,1,1,2,3,6,6,38,20,117,49,373,150,818,490,1977,2361,NA,NA
Portugal,2020-12-23,383258,6343,308446,NA,2990,511,10321,9888,17074,17455,27502,31483,25997,31358,27668,35959,24329,31844,17834,19320,11373,12855,10054,20807,0,1,1,1,2,3,6,6,38,19,116,49,369,148,809,484,1958,2333,NA,NA
Portugal,2020-12-22,378656,6254,304825,NA,3095,508,10176,9778,16869,17272,27212,31164,25713,31002,27317,35539,24021,31454,17593,19098,11218,12673,9916,20504,0,1,1,1,2,3,6,6,38,19,115,48,366,148,794,477,1936,2293,NA,NA
Portugal,2020-12-21,376220,6191,299603,NA,3158,502,10110,9734,16774,17171,27076,30974,25576,30799,27132,35309,23865,31235,17452,18952,11132,12599,9832,20361,0,1,1,1,2,3,6,6,36,19,115,46,366,146,785,473,1912,2273,NA,NA
Portugal,2020-12-20,374121,6134,297233,NA,3027,483,10051,9683,16676,17068,26958,30813,25451,30637,26991,35126,23730,31065,17337,18838,11064,12513,9774,20210,0,1,1,1,2,3,6,6,36,19,113,46,365,146,779,470,1890,2250,NA,NA
Portugal,2020-12-19,370787,6063,294814,NA,2973,485,9962,9557,16528,16913,26766,30571,25259,30365,26770,34803,23503,30801,17180,18662,10967,12394,9675,19975,0,1,1,1,2,3,6,6,36,19,113,46,363,142,769,464,1867,2224,NA,NA
Portugal,2020-12-18,366952,5977,290690,NA,3061,484,9849,9434,16350,16742,26504,30310,25004,30063,26516,34486,23262,30477,17017,18448,10834,12252,9543,19729,0,1,1,1,2,3,6,6,35,19,112,46,352,141,760,456,1844,2192,NA,NA
Portugal,2020-12-17,362616,5902,287028,NA,3142,494,9712,9303,16158,16526,26234,30004,24739,29754,26253,34130,22991,30076,16782,18199,10695,12065,9402,19461,0,1,0,1,2,3,6,6,34,19,112,45,347,140,750,447,1825,2164,NA,NA
Portugal,2020-12-16,358296,5815,283719,NA,3181,486,9581,9190,15949,16326,25932,29683,24474,29452,25953,33763,22727,29722,16567,17966,10554,11910,9272,19145,0,1,0,1,2,3,6,6,33,19,112,44,343,138,743,441,1798,2125,NA,NA
Portugal,2020-12-15,353576,5733,280038,NA,3206,506,9448,9051,15732,16100,25625,29294,24191,29128,25590,33345,22429,29340,16332,17687,10390,11718,9147,18899,0,1,0,1,2,3,6,6,31,18,110,42,340,135,731,435,1775,2097,NA,NA
Portugal,2020-12-14,350938,5649,274277,NA,3254,513,9376,8985,15619,16027,25436,29069,24044,28901,25398,33128,22285,29100,16192,17546,10305,11619,9048,18727,0,1,0,1,2,3,6,6,31,18,109,42,337,132,718,428,1751,2064,NA,NA
Portugal,2020-12-13,348744,5559,271322,NA,3157,513,9321,8918,15511,15927,25300,28923,23891,28731,25261,32947,22151,28918,16095,17426,10234,10234,8954,18573,0,1,0,1,2,3,6,5,30,16,109,41,333,130,707,423,1727,2025,NA,NA
Portugal,2020-12-12,344700,5461,268453,NA,3093,503,9217,8805,15294,15703,25051,28582,23626,28432,24992,32601,21900,28577,15927,17202,10091,11363,8849,18355,0,1,0,1,2,3,5,4,30,16,109,41,329,130,694,419,1693,1984,NA,NA
Portugal,2020-12-11,340287,5373,263648,NA,3230,507,9097,8685,15070,15501,24722,28231,23330,28074,24684,32231,21619,28210,15736,16980,9950,11231,8747,18055,0,1,0,0,2,3,5,4,30,16,108,39,325,128,680,412,1666,1954,NA,NA
Portugal,2020-12-10,335207,5278,259548,NA,3304,509,8966,8539,14828,15230,24387,27854,23013,27688,24339,31763,21323,27778,15474,16731,9795,11038,8620,17708,0,1,0,0,2,3,5,4,30,16,108,39,319,128,668,405,1643,1907,NA,NA
Portugal,2020-12-09,332073,5192,254700,NA,3332,504,8732,8297,14526,14930,23223,27009,22195,27024,23595,31059,20802,27181,15091,16360,9576,10766,8348,17155,0,1,0,0,2,3,5,4,30,16,107,38,317,126,662,394,1608,1879,NA,NA
Portugal,2020-12-08,327976,5122,252428,NA,3263,499,8609,8176,14342,14720,23000,26711,21930,26702,23319,30698,20532,26851,14896,16160,9448,10606,8224,16867,0,1,0,0,2,3,5,4,30,16,107,38,311,126,649,393,1579,1858,NA,NA
Portugal,2020-12-07,325071,5041,245843,NA,3367,513,8536,8101,14240,14608,22815,26491,21763,26490,23127,30486,20340,26600,14730,16014,9354,10495,8121,16608,0,1,0,0,2,3,5,4,30,16,106,38,304,123,639,390,1554,1826,NA,NA
Portugal,2020-12-06,322474,4963,243055,NA,3268,514,8459,8023,14132,14494,22672,26312,21611,26307,22943,30233,20190,26405,14608,15887,9241,10394,8023,16406,0,1,0,0,2,3,4,4,30,16,105,37,301,120,631,386,1519,1804,NA,NA
Portugal,2020-12-05,318640,4876,240203,NA,3229,517,8321,7886,13931,14321,22486,26053,21416,26023,22686,29845,19966,26112,14429,15711,9113,10249,7885,16115,0,1,0,0,2,3,4,4,30,15,102,37,297,118,621,382,1489,1771,NA,NA
Portugal,2020-12-04,312553,4803,234038,NA,3295,526,8161,7735,13632,14055,22093,25601,21066,25585,22346,29355,19637,25728,14195,15461,8956,10088,7731,15851,0,1,0,0,2,3,4,4,30,15,102,37,286,114,607,377,1471,1750,NA,NA
Portugal,2020-12-03,307618,4724,229018,NA,3330,525,8022,7574,13394,13784,21777,25276,20754,25184,21986,28846,19325,25336,13891,15220,8826,9907,7610,15580,0,1,0,0,2,3,4,4,30,15,101,37,283,113,601,368,1441,1721,NA,NA
Portugal,2020-12-02,303846,4645,223446,NA,3338,525,7915,7475,13243,13603,21554,25000,20512,24920,21729,28484,19100,25003,13797,15029,8692,9757,7500,15330,0,1,0,0,2,3,4,4,30,15,98,37,277,112,590,362,1419,1691,NA,NA
Portugal,2020-12-01,300462,4577,220877,NA,3275,521,7791,7371,13084,13418,21363,24727,20315,24644,21468,28122,18902,24719,13648,14876,8599,9659,7411,15164,0,1,0,0,2,3,4,4,28,15,98,37,273,112,574,360,1400,1666,NA,NA
Portugal,2020-11-30,298061,4505,212942,NA,3342,525,7734,7309,12972,13286,21244,24573,20186,24456,21304,27900,18754,24506,13527,14729,8512,9569,7331,15010,0,1,0,0,2,2,4,3,27,15,97,37,269,111,565,354,1380,1638,NA,NA
Portugal,2020-11-29,294799,4427,209534,NA,3245,536,7647,7180,12809,13111,21046,24352,20031,24209,21084,27596,18566,24255,13383,14549,8398,9444,7229,14792,0,1,0,0,2,2,3,3,27,15,95,36,261,110,555,345,1359,1613,NA,NA
Portugal,2020-11-28,290706,4363,206275,NA,3155,529,7510,7031,12576,12914,20793,24037,19778,23892,20839,27197,18330,23905,13182,14347,8271,9283,7151,14579,0,1,0,0,2,2,3,3,26,15,92,36,258,108,549,340,1338,1590,NA,NA
Portugal,2020-11-27,285838,4276,199446,NA,3208,526,7341,6885,12326,12670,20498,23682,19486,23520,20537,26733,18006,23453,12949,14091,8148,9126,6995,14261,0,1,0,0,2,2,3,3,24,15,90,35,250,106,533,332,1311,1569,NA,NA
Portugal,2020-11-26,280394,4209,193944,NA,3192,516,6966,6518,11687,12046,19695,22829,18723,22619,19695,25599,17285,22548,12385,13464,7822,8737,6731,13725,0,1,0,0,2,2,3,3,23,14,88,34,244,104,510,315,1264,1520,NA,NA
Portugal,2020-11-25,274011,4127,189356,NA,3251,517,6966,6518,11687,12406,19695,22829,18723,22619,19695,25599,17285,22548,12385,13464,7822,8737,6731,13725,0,1,0,0,2,2,3,3,23,14,88,34,244,104,510,315,1264,1520,NA,NA
Portugal,2020-11-24,268721,4056,184233,NA,3275,506,6817,6362,11418,11791,19395,22441,18392,22230,19322,25085,16946,22073,12098,13188,7658,8552,6603,13469,0,1,0,0,2,2,3,3,23,14,85,34,239,102,499,308,1244,1497,NA,NA
Portugal,2020-11-23,264802,3971,176827,NA,3241,498,6704,6227,11214,11623,19163,2988,18122,21900,19022,24693,16694,21739,11928,12988,7539,8417,6529,13298,0,1,0,0,2,2,3,3,23,14,84,34,231,100,491,304,1222,1457,NA,NA
Portugal,2020-11-22,260758,3897,172919,NA,3151,491,6584,6110,11005,11408,18920,21845,17848,21589,18693,24344,16429,21410,11743,12785,7440,8290,6430,13104,0,1,0,0,2,2,3,3,23,14,81,33,228,100,477,297,1199,1434,NA,NA
Portugal,2020-11-21,255970,3824,169379,NA,3025,485,NA,NA,NA,NA,NA,NA,NA,NA,NA,NA,NA,NA,NA,NA,NA,NA,NA,NA,NA,NA,NA,NA,NA,NA,NA,NA,NA,NA,NA,NA,NA,NA,NA,NA,NA,NA,NA,NA
Portugal,2020-11-20,249498,3762,163000,NA,3079,481,6220,5723,10437,10825,18213,21022,17172,20736,17899,23293,15697,20419,11204,12186,7088,7923,6186,12563,0,1,0,0,2,1,3,3,23,13,80,32,218,97,462,286,1144,1397,NA,NA
Portugal,2020-11-19,243009,3701,157924,NA,3017,458,NA,NA,NA,NA,NA,NA,NA,NA,NA,NA,NA,NA,NA,NA,NA,NA,NA,NA,NA,NA,NA,NA,NA,NA,NA,NA,NA,NA,NA,NA,NA,NA,NA,NA,NA,NA,NA,NA
Portugal,2020-11-18,236015,3632,153702,NA,3051,432,NA,NA,NA,NA,NA,NA,NA,NA,NA,NA,NA,NA,NA,NA,NA,NA,NA,NA,NA,NA,NA,NA,NA,NA,NA,NA,NA,NA,NA,NA,NA,NA,NA,NA,NA,NA,NA,NA
Portugal,2020-11-17,230124,3553,149445,NA,3028,431,NA,NA,NA,NA,NA,NA,NA,NA,NA,NA,NA,NA,NA,NA,NA,NA,NA,NA,NA,NA,NA,NA,NA,NA,NA,NA,NA,NA,NA,NA,NA,NA,NA,NA,NA,NA,NA,NA
Portugal,2020-11-16,225672,3472,142155,NA,3040,426,NA,NA,NA,NA,NA,NA,NA,NA,NA,NA,NA,NA,NA,NA,NA,NA,NA,NA,NA,NA,NA,NA,NA,NA,NA,NA,NA,NA,NA,NA,NA,NA,NA,NA,NA,NA,NA,NA
Portugal,2020-11-15,217301,3381,125066,NA,2929,415,NA,NA,NA,NA,NA,NA,NA,NA,NA,NA,NA,NA,NA,NA,NA,NA,NA,NA,NA,NA,NA,NA,NA,NA,NA,NA,NA,NA,NA,NA,NA,NA,NA,NA,NA,NA,NA,NA
Portugal,2020-11-14,211266,3305,122517,NA,2798,413,NA,NA,NA,NA,NA,NA,NA,NA,NA,NA,NA,NA,NA,NA,NA,NA,NA,NA,NA,NA,NA,NA,NA,NA,NA,NA,NA,NA,NA,NA,NA,NA,NA,NA,NA,NA,NA,NA
Portugal,2020-11-13,204664,3250,117382,NA,2799,388,NA,NA,NA,NA,NA,NA,NA,NA,NA,NA,NA,NA,NA,NA,NA,NA,NA,NA,NA,NA,NA,NA,NA,NA,NA,NA,NA,NA,NA,NA,NA,NA,NA,NA,NA,NA,NA,NA
Portugal,2020-11-12,198011,3181,113689,NA,2794,383,NA,NA,NA,NA,NA,NA,NA,NA,NA,NA,NA,NA,NA,NA,NA,NA,NA,NA,NA,NA,NA,NA,NA,NA,NA,NA,NA,NA,NA,NA,NA,NA,NA,NA,NA,NA,NA,NA
Portugal,2020-11-11,192172,3103,110353,NA,2785,391,NA,NA,NA,NA,NA,NA,NA,NA,NA,NA,NA,NA,NA,NA,NA,NA,NA,NA,NA,NA,NA,NA,NA,NA,NA,NA,NA,NA,NA,NA,NA,NA,NA,NA,NA,NA,NA,NA
Portugal,2020-11-10,187237,3021,106878,NA,2742,382,NA,NA,NA,NA,NA,NA,NA,NA,NA,NA,NA,NA,NA,NA,NA,NA,NA,NA,NA,NA,NA,NA,NA,NA,NA,NA,NA,NA,NA,NA,NA,NA,NA,NA,NA,NA,NA,NA
Portugal,2020-11-09,183420,2959,102083,NA,2651,391,NA,NA,NA,NA,NA,NA,NA,NA,NA,NA,NA,NA,NA,NA,NA,NA,NA,NA,NA,NA,NA,NA,NA,NA,NA,NA,NA,NA,NA,NA,NA,NA,NA,NA,NA,NA,NA,NA
Portugal,2020-11-08,179324,2896,99781,NA,2522,378,NA,NA,NA,NA,NA,NA,NA,NA,NA,NA,NA,NA,NA,NA,NA,NA,NA,NA,NA,NA,NA,NA,NA,NA,NA,NA,NA,NA,NA,NA,NA,NA,NA,NA,NA,NA,NA,NA
Portugal,2020-11-07,173540,2848,97747,NA,2420,366,NA,NA,NA,NA,NA,NA,NA,NA,NA,NA,NA,NA,NA,NA,NA,NA,NA,NA,NA,NA,NA,NA,NA,NA,NA,NA,NA,NA,NA,NA,NA,NA,NA,NA,NA,NA,NA,NA
Portugal,2020-11-06,166900,2792,93754,NA,2425,340,NA,NA,NA,NA,NA,NA,NA,NA,NA,NA,NA,NA,NA,NA,NA,NA,NA,NA,NA,NA,NA,NA,NA,NA,NA,NA,NA,NA,NA,NA,NA,NA,NA,NA,NA,NA,NA,NA
Portugal,2020-11-05,161350,2740,91453,NA,2362,320,NA,NA,NA,NA,NA,NA,NA,NA,NA,NA,NA,NA,NA,NA,NA,NA,NA,NA,NA,NA,NA,NA,NA,NA,NA,NA,NA,NA,NA,NA,NA,NA,NA,NA,NA,NA,NA,NA
Portugal,2020-11-04,156940,2694,88946,NA,2337,325,NA,NA,NA,NA,NA,NA,NA,NA,NA,NA,NA,NA,NA,NA,NA,NA,NA,NA,NA,NA,NA,NA,NA,NA,NA,NA,NA,NA,NA,NA,NA,NA,NA,NA,NA,NA,NA,NA
Portugal,2020-11-03,149443,2635,86589,NA,2349,320,NA,NA,NA,NA,NA,NA,NA,NA,NA,NA,NA,NA,NA,NA,NA,NA,NA,NA,NA,NA,NA,NA,NA,NA,NA,NA,NA,NA,NA,NA,NA,NA,NA,NA,NA,NA,NA,NA
Portugal,2020-11-02,146847,2590,83294,NA,2255,294,NA,NA,NA,NA,NA,NA,NA,NA,NA,NA,NA,NA,NA,NA,NA,NA,NA,NA,NA,NA,NA,NA,NA,NA,NA,NA,NA,NA,NA,NA,NA,NA,NA,NA,NA,NA,NA,NA
Portugal,2020-11-01,144341,2544,81771,NA,2122,284,NA,NA,NA,NA,NA,NA,NA,NA,NA,NA,NA,NA,NA,NA,NA,NA,NA,NA,NA,NA,NA,NA,NA,NA,NA,NA,NA,NA,NA,NA,NA,NA,NA,NA,NA,NA,NA,NA
Portugal,2020-10-31,141279,2507,80280,NA,1972,286,NA,NA,NA,NA,NA,NA,NA,NA,NA,NA,NA,NA,NA,NA,NA,NA,NA,NA,NA,NA,NA,NA,NA,NA,NA,NA,NA,NA,NA,NA,NA,NA,NA,NA,NA,NA,NA,NA
Portugal,2020-10-30,137272,2468,77449,NA,1927,275,NA,NA,NA,NA,NA,NA,NA,NA,NA,NA,NA,NA,NA,NA,NA,NA,NA,NA,NA,NA,NA,NA,NA,NA,NA,NA,NA,NA,NA,NA,NA,NA,NA,NA,NA,NA,NA,NA
Portugal,2020-10-29,132616,2428,75702,NA,1834,269,NA,NA,NA,NA,NA,NA,NA,NA,NA,NA,NA,NA,NA,NA,NA,NA,NA,NA,NA,NA,NA,NA,NA,NA,NA,NA,NA,NA,NA,NA,NA,NA,NA,NA,NA,NA,NA,NA
Portugal,2020-10-28,128392,2395,74001,NA,1794,262,NA,NA,NA,NA,NA,NA,NA,NA,NA,NA,NA,NA,NA,NA,NA,NA,NA,NA,NA,NA,NA,NA,NA,NA,NA,NA,NA,NA,NA,NA,NA,NA,NA,NA,NA,NA,NA,NA
Portugal,2020-10-27,124432,2371,72344,NA,1747,253,NA,NA,NA,NA,NA,NA,NA,NA,NA,NA,NA,NA,NA,NA,NA,NA,NA,NA,NA,NA,NA,NA,NA,NA,NA,NA,NA,NA,NA,NA,NA,NA,NA,NA,NA,NA,NA,NA
Portugal,2020-10-26,121133,2343,69956,NA,1672,240,NA,NA,NA,NA,NA,NA,NA,NA,NA,NA,NA,NA,NA,NA,NA,NA,NA,NA,NA,NA,NA,NA,NA,NA,NA,NA,NA,NA,NA,NA,NA,NA,NA,NA,NA,NA,NA,NA
Portugal,2020-10-25,118686,2316,68877,NA,1574,230,NA,NA,NA,NA,NA,NA,NA,NA,NA,NA,NA,NA,NA,NA,NA,NA,NA,NA,NA,NA,NA,NA,NA,NA,NA,NA,NA,NA,NA,NA,NA,NA,NA,NA,NA,NA,NA,NA
Portugal,2020-10-24,116109,2297,67842,NA,1455,221,NA,NA,NA,NA,NA,NA,NA,NA,NA,NA,NA,NA,NA,NA,NA,NA,NA,NA,NA,NA,NA,NA,NA,NA,NA,NA,NA,NA,NA,NA,NA,NA,NA,NA,NA,NA,NA,NA
Portugal,2020-10-23,112440,2276,65880,NA,1418,198,NA,NA,NA,NA,NA,NA,NA,NA,NA,NA,NA,NA,NA,NA,NA,NA,NA,NA,NA,NA,NA,NA,NA,NA,NA,NA,NA,NA,NA,NA,NA,NA,NA,NA,NA,NA,NA,NA
Portugal,2020-10-22,109541,2245,64531,NA,1365,200,NA,NA,NA,NA,NA,NA,NA,NA,NA,NA,NA,NA,NA,NA,NA,NA,NA,NA,NA,NA,NA,NA,NA,NA,NA,NA,NA,NA,NA,NA,NA,NA,NA,NA,NA,NA,NA,NA
Portugal,2020-10-21,106271,2229,63238,NA,1272,187,NA,NA,NA,NA,NA,NA,NA,NA,NA,NA,NA,NA,NA,NA,NA,NA,NA,NA,NA,NA,NA,NA,NA,NA,NA,NA,NA,NA,NA,NA,NA,NA,NA,NA,NA,NA,NA,NA
Portugal,2020-10-20,103736,2213,61898,NA,1237,176,NA,NA,NA,NA,NA,NA,NA,NA,NA,NA,NA,NA,NA,NA,NA,NA,NA,NA,NA,NA,NA,NA,NA,NA,NA,NA,NA,NA,NA,NA,NA,NA,NA,NA,NA,NA,NA,NA
Portugal,2020-10-19,101860,2198,59966,NA,1174,165,NA,NA,NA,NA,NA,NA,NA,NA,NA,NA,NA,NA,NA,NA,NA,NA,NA,NA,NA,NA,NA,NA,NA,NA,NA,NA,NA,NA,NA,NA,NA,NA,NA,NA,NA,NA,NA,NA
Portugal,2020-10-18,99911,2181,59000,NA,1086,155,NA,NA,NA,NA,NA,NA,NA,NA,NA,NA,NA,NA,NA,NA,NA,NA,NA,NA,NA,NA,NA,NA,NA,NA,NA,NA,NA,NA,NA,NA,NA,NA,NA,NA,NA,NA,NA,NA
Portugal,2020-10-17,98055,2162,57919,NA,1014,148,NA,NA,NA,NA,NA,NA,NA,NA,NA,NA,NA,NA,NA,NA,NA,NA,NA,NA,NA,NA,NA,NA,NA,NA,NA,NA,NA,NA,NA,NA,NA,NA,NA,NA,NA,NA,NA,NA
Portugal,2020-10-16,95902,2149,56066,NA,1015,144,NA,NA,NA,NA,NA,NA,NA,NA,NA,NA,NA,NA,NA,NA,NA,NA,NA,NA,NA,NA,NA,NA,NA,NA,NA,NA,NA,NA,NA,NA,NA,NA,NA,NA,NA,NA,NA,NA
Portugal,2020-10-15,93294,2128,55081,NA,993,139,NA,NA,NA,NA,NA,NA,NA,NA,NA,NA,NA,NA,NA,NA,NA,NA,NA,NA,NA,NA,NA,NA,NA,NA,NA,NA,NA,NA,NA,NA,NA,NA,NA,NA,NA,NA,NA,NA
Portugal,2020-10-14,91193,2117,54493,NA,957,135,NA,NA,NA,NA,NA,NA,NA,NA,NA,NA,NA,NA,NA,NA,NA,NA,NA,NA,NA,NA,NA,NA,NA,NA,NA,NA,NA,NA,NA,NA,NA,NA,NA,NA,NA,NA,NA,NA
Portugal,2020-10-13,89121,2110,54047,NA,916,132,NA,NA,NA,NA,NA,NA,NA,NA,NA,NA,NA,NA,NA,NA,NA,NA,NA,NA,NA,NA,NA,NA,NA,NA,NA,NA,NA,NA,NA,NA,NA,NA,NA,NA,NA,NA,NA,NA
Portugal,2020-10-12,87913,2094,53498,NA,877,128,NA,NA,NA,NA,NA,NA,NA,NA,NA,NA,NA,NA,NA,NA,NA,NA,NA,NA,NA,NA,NA,NA,NA,NA,NA,NA,NA,NA,NA,NA,NA,NA,NA,NA,NA,NA,NA,NA
Portugal,2020-10-11,86664,2080,53187,NA,843,124,NA,NA,NA,NA,NA,NA,NA,NA,NA,NA,NA,NA,NA,NA,NA,NA,NA,NA,NA,NA,NA,NA,NA,NA,NA,NA,NA,NA,NA,NA,NA,NA,NA,NA,NA,NA,NA,NA
Portugal,2020-10-10,85574,2067,52803,NA,831,122,NA,NA,NA,NA,NA,NA,NA,NA,NA,NA,NA,NA,NA,NA,NA,NA,NA,NA,NA,NA,NA,NA,NA,NA,NA,NA,NA,NA,NA,NA,NA,NA,NA,NA,NA,NA,NA,NA
Portugal,2020-10-09,83928,2062,52164,NA,811,125,NA,NA,NA,NA,NA,NA,NA,NA,NA,NA,NA,NA,NA,NA,NA,NA,NA,NA,NA,NA,NA,NA,NA,NA,NA,NA,NA,NA,NA,NA,NA,NA,NA,NA,NA,NA,NA,NA
Portugal,2020-10-08,82534,2050,51517,NA,801,115,NA,NA,NA,NA,NA,NA,NA,NA,NA,NA,NA,NA,NA,NA,NA,NA,NA,NA,NA,NA,NA,NA,NA,NA,NA,NA,NA,NA,NA,NA,NA,NA,NA,NA,NA,NA,NA,NA
Portugal,2020-10-07,81256,2040,51037,NA,764,104,NA,NA,NA,NA,NA,NA,NA,NA,NA,NA,NA,NA,NA,NA,NA,NA,NA,NA,NA,NA,NA,NA,NA,NA,NA,NA,NA,NA,NA,NA,NA,NA,NA,NA,NA,NA,NA,NA
Portugal,2020-10-06,80312,2032,50712,NA,732,104,NA,NA,NA,NA,NA,NA,NA,NA,NA,NA,NA,NA,NA,NA,NA,NA,NA,NA,NA,NA,NA,NA,NA,NA,NA,NA,NA,NA,NA,NA,NA,NA,NA,NA,NA,NA,NA,NA
Portugal,2020-10-05,79885,2018,50454,NA,701,106,NA,NA,NA,NA,NA,NA,NA,NA,NA,NA,NA,NA,NA,NA,NA,NA,NA,NA,NA,NA,NA,NA,NA,NA,NA,NA,NA,NA,NA,NA,NA,NA,NA,NA,NA,NA,NA,NA
Portugal,2020-10-04,79151,2005,50207,NA,682,105,NA,NA,NA,NA,NA,NA,NA,NA,NA,NA,NA,NA,NA,NA,NA,NA,NA,NA,NA,NA,NA,NA,NA,NA,NA,NA,NA,NA,NA,NA,NA,NA,NA,NA,NA,NA,NA,NA
Portugal,2020-10-03,78247,1995,49845,NA,668,106,NA,NA,NA,NA,NA,NA,NA,NA,NA,NA,NA,NA,NA,NA,NA,NA,NA,NA,NA,NA,NA,NA,NA,NA,NA,NA,NA,NA,NA,NA,NA,NA,NA,NA,NA,NA,NA,NA
Portugal,2020-10-02,77284,1983,49359,NA,682,107,NA,NA,NA,NA,NA,NA,NA,NA,NA,NA,NA,NA,NA,NA,NA,NA,NA,NA,NA,NA,NA,NA,NA,NA,NA,NA,NA,NA,NA,NA,NA,NA,NA,NA,NA,NA,NA,NA
Portugal,2020-10-01,76396,1977,48937,NA,682,107,NA,NA,NA,NA,NA,NA,NA,NA,NA,NA,NA,NA,NA,NA,NA,NA,NA,NA,NA,NA,NA,NA,NA,NA,NA,NA,NA,NA,NA,NA,NA,NA,NA,NA,NA,NA,NA,NA
Portugal,2020-09-30,75542,1971,48530,NA,666,105,NA,NA,NA,NA,NA,NA,NA,NA,NA,NA,NA,NA,NA,NA,NA,NA,NA,NA,NA,NA,NA,NA,NA,NA,NA,NA,NA,NA,NA,NA,NA,NA,NA,NA,NA,NA,NA,NA
Portugal,2020-09-29,74717,1963,48193,NA,661,99,NA,NA,NA,NA,NA,NA,NA,NA,NA,NA,NA,NA,NA,NA,NA,NA,NA,NA,NA,NA,NA,NA,NA,NA,NA,NA,NA,NA,NA,NA,NA,NA,NA,NA,NA,NA,NA,NA
Portugal,2020-09-28,74029,1957,47884,NA,659,98,NA,NA,NA,NA,NA,NA,NA,NA,NA,NA,NA,NA,NA,NA,NA,NA,NA,NA,NA,NA,NA,NA,NA,NA,NA,NA,NA,NA,NA,NA,NA,NA,NA,NA,NA,NA,NA,NA
Portugal,2020-09-27,73604,1953,47647,NA,635,89,NA,NA,NA,NA,NA,NA,NA,NA,NA,NA,NA,NA,NA,NA,NA,NA,NA,NA,NA,NA,NA,NA,NA,NA,NA,NA,NA,NA,NA,NA,NA,NA,NA,NA,NA,NA,NA,NA
Portugal,2020-09-26,72939,1944,47380,NA,615,85,NA,NA,NA,NA,NA,NA,NA,NA,NA,NA,NA,NA,NA,NA,NA,NA,NA,NA,NA,NA,NA,NA,NA,NA,NA,NA,NA,NA,NA,NA,NA,NA,NA,NA,NA,NA,NA,NA
Portugal,2020-09-25,72055,1936,47003,NA,624,86,NA,NA,NA,NA,NA,NA,NA,NA,NA,NA,NA,NA,NA,NA,NA,NA,NA,NA,NA,NA,NA,NA,NA,NA,NA,NA,NA,NA,NA,NA,NA,NA,NA,NA,NA,NA,NA,NA
Portugal,2020-09-24,71156,1931,46676,NA,588,85,NA,NA,NA,NA,NA,NA,NA,NA,NA,NA,NA,NA,NA,NA,NA,NA,NA,NA,NA,NA,NA,NA,NA,NA,NA,NA,NA,NA,NA,NA,NA,NA,NA,NA,NA,NA,NA,NA
Portugal,2020-09-23,70465,1928,46290,NA,571,77,NA,NA,NA,NA,NA,NA,NA,NA,NA,NA,NA,NA,NA,NA,NA,NA,NA,NA,NA,NA,NA,NA,NA,NA,NA,NA,NA,NA,NA,NA,NA,NA,NA,NA,NA,NA,NA,NA
Portugal,2020-09-22,69663,1925,45974,NA,546,70,NA,NA,NA,NA,NA,NA,NA,NA,NA,NA,NA,NA,NA,NA,NA,NA,NA,NA,NA,NA,NA,NA,NA,NA,NA,NA,NA,NA,NA,NA,NA,NA,NA,NA,NA,NA,NA,NA
Portugal,2020-09-21,69200,1920,45736,NA,518,61,NA,NA,NA,NA,NA,NA,NA,NA,NA,NA,NA,NA,NA,NA,NA,NA,NA,NA,NA,NA,NA,NA,NA,NA,NA,NA,NA,NA,NA,NA,NA,NA,NA,NA,NA,NA,NA,NA
Portugal,2020-09-20,68577,1912,45596,NA,511,63,NA,NA,NA,NA,NA,NA,NA,NA,NA,NA,NA,NA,NA,NA,NA,NA,NA,NA,NA,NA,NA,NA,NA,NA,NA,NA,NA,NA,NA,NA,NA,NA,NA,NA,NA,NA,NA,NA
Portugal,2020-09-19,68025,1899,45404,NA,497,64,NA,NA,NA,NA,NA,NA,NA,NA,NA,NA,NA,NA,NA,NA,NA,NA,NA,NA,NA,NA,NA,NA,NA,NA,NA,NA,NA,NA,NA,NA,NA,NA,NA,NA,NA,NA,NA,NA
Portugal,2020-09-18,67176,1894,45053,NA,465,57,NA,NA,NA,NA,NA,NA,NA,NA,NA,NA,NA,NA,NA,NA,NA,NA,NA,NA,NA,NA,NA,NA,NA,NA,NA,NA,NA,NA,NA,NA,NA,NA,NA,NA,NA,NA,NA,NA
Portugal,2020-09-17,66396,1888,44794,NA,480,59,NA,NA,NA,NA,NA,NA,NA,NA,NA,NA,NA,NA,NA,NA,NA,NA,NA,NA,NA,NA,NA,NA,NA,NA,NA,NA,NA,NA,NA,NA,NA,NA,NA,NA,NA,NA,NA,NA
Portugal,2020-09-16,65626,1878,44528,NA,482,61,NA,NA,NA,NA,NA,NA,NA,NA,NA,NA,NA,NA,NA,NA,NA,NA,NA,NA,NA,NA,NA,NA,NA,NA,NA,NA,NA,NA,NA,NA,NA,NA,NA,NA,NA,NA,NA,NA
Portugal,2020-09-15,65021,1875,44362,NA,478,59,NA,NA,NA,NA,NA,NA,NA,NA,NA,NA,NA,NA,NA,NA,NA,NA,NA,NA,NA,NA,NA,NA,NA,NA,NA,NA,NA,NA,NA,NA,NA,NA,NA,NA,NA,NA,NA,NA
Portugal,2020-09-14,64596,1871,44185,NA,477,61,NA,NA,NA,NA,NA,NA,NA,NA,NA,NA,NA,NA,NA,NA,NA,NA,NA,NA,NA,NA,NA,NA,NA,NA,NA,NA,NA,NA,NA,NA,NA,NA,NA,NA,NA,NA,NA,NA
Portugal,2020-09-13,63983,1867,44069,NA,452,57,NA,NA,NA,NA,NA,NA,NA,NA,NA,NA,NA,NA,NA,NA,NA,NA,NA,NA,NA,NA,NA,NA,NA,NA,NA,NA,NA,NA,NA,NA,NA,NA,NA,NA,NA,NA,NA,NA
Portugal,2020-09-12,63310,1860,43894,NA,438,59,NA,NA,NA,NA,NA,NA,NA,NA,NA,NA,NA,NA,NA,NA,NA,NA,NA,NA,NA,NA,NA,NA,NA,NA,NA,NA,NA,NA,NA,NA,NA,NA,NA,NA,NA,NA,NA,NA
Portugal,2020-09-11,62813,1855,43644,NA,404,54,NA,NA,NA,NA,NA,NA,NA,NA,NA,NA,NA,NA,NA,NA,NA,NA,NA,NA,NA,NA,NA,NA,NA,NA,NA,NA,NA,NA,NA,NA,NA,NA,NA,NA,NA,NA,NA,NA
Portugal,2020-09-10,62126,1852,43441,NA,406,57,NA,NA,NA,NA,NA,NA,NA,NA,NA,NA,NA,NA,NA,NA,NA,NA,NA,NA,NA,NA,NA,NA,NA,NA,NA,NA,NA,NA,NA,NA,NA,NA,NA,NA,NA,NA,NA,NA
Portugal,2020-09-09,61541,1849,43284,NA,391,52,NA,NA,NA,NA,NA,NA,NA,NA,NA,NA,NA,NA,NA,NA,NA,NA,NA,NA,NA,NA,NA,NA,NA,NA,NA,NA,NA,NA,NA,NA,NA,NA,NA,NA,NA,NA,NA,NA
Portugal,2020-09-08,60895,1846,43146,NA,394,50,NA,NA,NA,NA,NA,NA,NA,NA,NA,NA,NA,NA,NA,NA,NA,NA,NA,NA,NA,NA,NA,NA,NA,NA,NA,NA,NA,NA,NA,NA,NA,NA,NA,NA,NA,NA,NA,NA
Portugal,2020-09-07,60507,1843,43016,NA,381,49,NA,NA,NA,NA,NA,NA,NA,NA,NA,NA,NA,NA,NA,NA,NA,NA,NA,NA,NA,NA,NA,NA,NA,NA,NA,NA,NA,NA,NA,NA,NA,NA,NA,NA,NA,NA,NA,NA
Portugal,2020-09-06,60258,1840,42953,NA,354,43,NA,NA,NA,NA,NA,NA,NA,NA,NA,NA,NA,NA,NA,NA,NA,NA,NA,NA,NA,NA,NA,NA,NA,NA,NA,NA,NA,NA,NA,NA,NA,NA,NA,NA,NA,NA,NA,NA
Portugal,2020-09-05,59943,1838,42793,NA,345,41,NA,NA,NA,NA,NA,NA,NA,NA,NA,NA,NA,NA,NA,NA,NA,NA,NA,NA,NA,NA,NA,NA,NA,NA,NA,NA,NA,NA,NA,NA,NA,NA,NA,NA,NA,NA,NA,NA
Portugal,2020-09-04,59457,1833,42576,NA,339,40,NA,NA,NA,NA,NA,NA,NA,NA,NA,NA,NA,NA,NA,NA,NA,NA,NA,NA,NA,NA,NA,NA,NA,NA,NA,NA,NA,NA,NA,NA,NA,NA,NA,NA,NA,NA,NA,NA
Portugal,2020-09-03,59051,1829,42427,NA,334,44,NA,NA,NA,NA,NA,NA,NA,NA,NA,NA,NA,NA,NA,NA,NA,NA,NA,NA,NA,NA,NA,NA,NA,NA,NA,NA,NA,NA,NA,NA,NA,NA,NA,NA,NA,NA,NA,NA
Portugal,2020-09-02,58633,1827,42233,NA,337,41,NA,NA,NA,NA,NA,NA,NA,NA,NA,NA,NA,NA,NA,NA,NA,NA,NA,NA,NA,NA,NA,NA,NA,NA,NA,NA,NA,NA,NA,NA,NA,NA,NA,NA,NA,NA,NA,NA
Portugal,2020-09-01,58243,1824,42104,NA,350,44,NA,NA,NA,NA,NA,NA,NA,NA,NA,NA,NA,NA,NA,NA,NA,NA,NA,NA,NA,NA,NA,NA,NA,NA,NA,NA,NA,NA,NA,NA,NA,NA,NA,NA,NA,NA,NA,NA
Portugal,2020-08-31,58012,1822,41961,NA,349,41,NA,NA,NA,NA,NA,NA,NA,NA,NA,NA,NA,NA,NA,NA,NA,NA,NA,NA,NA,NA,NA,NA,NA,NA,NA,NA,NA,NA,NA,NA,NA,NA,NA,NA,NA,NA,NA,NA
Portugal,2020-08-30,57768,1819,41885,NA,341,41,NA,NA,NA,NA,NA,NA,NA,NA,NA,NA,NA,NA,NA,NA,NA,NA,NA,NA,NA,NA,NA,NA,NA,NA,NA,NA,NA,NA,NA,NA,NA,NA,NA,NA,NA,NA,NA,NA
Portugal,2020-08-29,57448,1818,41766,NA,324,40,NA,NA,NA,NA,NA,NA,NA,NA,NA,NA,NA,NA,NA,NA,NA,NA,NA,NA,NA,NA,NA,NA,NA,NA,NA,NA,NA,NA,NA,NA,NA,NA,NA,NA,NA,NA,NA,NA
Portugal,2020-08-28,57074,1815,41556,NA,334,NA,NA,NA,NA,NA,NA,NA,NA,NA,NA,NA,NA,NA,NA,NA,NA,NA,NA,NA,NA,NA,NA,NA,NA,NA,NA,NA,NA,NA,NA,NA,NA,NA,NA,NA,NA,NA,NA,NA
Portugal,2020-08-27,56673,1809,41357,NA,317,35,NA,NA,NA,NA,NA,NA,NA,NA,NA,NA,NA,NA,NA,NA,NA,NA,NA,NA,NA,NA,NA,NA,NA,NA,NA,NA,NA,NA,NA,NA,NA,NA,NA,NA,NA,NA,NA,NA
Portugal,2020-08-26,56274,1807,41184,NA,311,NA,NA,NA,NA,NA,NA,NA,NA,NA,NA,NA,NA,NA,NA,NA,NA,NA,NA,NA,NA,NA,NA,NA,NA,NA,NA,NA,NA,NA,NA,NA,NA,NA,NA,NA,NA,NA,NA,NA
Portugal,2020-08-25,55912,1805,41021,NA,325,41,NA,NA,NA,NA,NA,NA,NA,NA,NA,NA,NA,NA,NA,NA,NA,NA,NA,NA,NA,NA,NA,NA,NA,NA,NA,NA,NA,NA,NA,NA,NA,NA,NA,NA,NA,NA,NA,NA
Portugal,2020-08-24,55720,1801,40880,NA,321,44,NA,NA,NA,NA,NA,NA,NA,NA,NA,NA,NA,NA,NA,NA,NA,NA,NA,NA,NA,NA,NA,NA,NA,NA,NA,NA,NA,NA,NA,NA,NA,NA,NA,NA,NA,NA,NA,NA
Portugal,2020-08-23,55597,1796,40774,NA,317,47,NA,NA,NA,NA,NA,NA,NA,NA,NA,NA,NA,NA,NA,NA,NA,NA,NA,NA,NA,NA,NA,NA,NA,NA,NA,NA,NA,NA,NA,NA,NA,NA,NA,NA,NA,NA,NA,NA
Portugal,2020-08-22,55452,1794,40652,NA,316,42,NA,NA,NA,NA,NA,NA,NA,NA,NA,NA,NA,NA,NA,NA,NA,NA,NA,NA,NA,NA,NA,NA,NA,NA,NA,NA,NA,NA,NA,NA,NA,NA,NA,NA,NA,NA,NA,NA
Portugal,2020-08-21,55211,1792,40473,NA,321,41,NA,NA,NA,NA,NA,NA,NA,NA,NA,NA,NA,NA,NA,NA,NA,NA,NA,NA,NA,NA,NA,NA,NA,NA,NA,NA,NA,NA,NA,NA,NA,NA,NA,NA,NA,NA,NA,NA
Portugal,2020-08-20,54992,1788,40264,NA,334,39,NA,NA,NA,NA,NA,NA,NA,NA,NA,NA,NA,NA,NA,NA,NA,NA,NA,NA,NA,NA,NA,NA,NA,NA,NA,NA,NA,NA,NA,NA,NA,NA,NA,NA,NA,NA,NA,NA
Portugal,2020-08-19,54701,1786,40129,NA,329,38,NA,NA,NA,NA,NA,NA,NA,NA,NA,NA,NA,NA,NA,NA,NA,NA,NA,NA,NA,NA,NA,NA,NA,NA,NA,NA,NA,NA,NA,NA,NA,NA,NA,NA,NA,NA,NA,NA
Portugal,2020-08-18,54448,1784,39936,NA,336,38,NA,NA,NA,NA,NA,NA,NA,NA,NA,NA,NA,NA,NA,NA,NA,NA,NA,NA,NA,NA,NA,NA,NA,NA,NA,NA,NA,NA,NA,NA,NA,NA,NA,NA,NA,NA,NA,NA
Portugal,2020-08-17,54234,1779,39800,NA,336,39,NA,NA,NA,NA,NA,NA,NA,NA,NA,NA,NA,NA,NA,NA,NA,NA,NA,NA,NA,NA,NA,NA,NA,NA,NA,NA,NA,NA,NA,NA,NA,NA,NA,NA,NA,NA,NA,NA
Portugal,2020-08-16,54102,1778,39697,468937,325,39,1073,932,1199,1357,3897,4467,4214,4640,4028,4904,3515,4601,2550,2842,1761,1972,1982,4092,0,0,0,0,1,1,1,3,11,10,40,17,110,49,212,135,520,668,NA,NA
Portugal,2020-08-15,53981,1775,39585,467868,320,37,1069,929,1195,1354,3888,4457,4200,4632,4017,4897,3503,4594,2542,2836,1759,1966,1979,4088,0,0,0,0,1,1,1,3,10,10,40,17,109,49,212,135,519,668,NA,NA
Portugal,2020-08-14,53783,1772,39374,466096,348,41,1059,927,1187,1346,3873,4434,4187,4616,3987,4878,3490,4583,2534,2830,1757,1961,1976,4083,0,0,0,0,1,1,1,3,10,10,40,17,109,49,212,135,518,666,NA,NA
Portugal,2020-08-13,53548,1770,39177,464365,358,39,1044,917,1174,1341,3836,4404,4170,4590,3971,4860,3480,4572,2524,2824,1754,1958,1972,4081,0,0,0,0,1,1,1,3,10,10,40,17,109,48,212,135,517,666,NA,NA
Portugal,2020-08-12,53223,1764,38940,462450,367,40,1040,915,1166,1326,3811,4377,4140,4570,3946,4839,3459,4545,2510,2808,1743,1946,1959,4047,0,0,0,0,1,1,1,3,10,10,40,17,109,48,211,134,515,664,NA,NA
Portugal,2020-08-11,52945,1761,38760,460663,365,35,1033,906,1159,1315,3789,4343,4114,4546,3924,4824,3444,4527,2497,2796,1731,1941,1948,4029,0,0,0,0,1,1,1,3,10,10,40,17,109,48,211,134,515,661,NA,NA
Portugal,2020-08-10,52825,1759,38600,458607,374,29,1030,904,1156,1313,3773,4335,4097,4534,3913,4818,3437,4524,2495,2790,1726,1941,1942,4019,0,0,0,0,1,1,1,3,10,10,40,17,109,48,211,134,513,661,NA,NA
Portugal,2020-08-09,52668,1756,38511,457462,366,33,1024,898,1152,1309,3757,4316,4087,4521,3900,4800,3423,4514,2490,2782,1723,1938,1941,4015,0,0,0,0,1,1,1,3,10,10,40,17,108,48,211,134,511,661,NA,NA
Portugal,2020-08-08,52537,1750,38364,456256,357,33,1022,895,1145,1306,3746,4303,4078,4509,3893,4786,3412,4502,2482,2778,1717,1929,1941,4015,0,0,0,0,1,1,1,3,10,10,40,17,108,48,209,134,508,660,NA,NA
Portugal,2020-08-07,52351,1746,38087,454380,356,36,1016,885,1141,1289,3729,4290,4061,4499,3874,4772,3400,4495,2469,2767,1712,1926,1936,4012,0,0,0,0,1,1,1,3,10,10,40,17,107,48,208,133,507,660,NA,NA
Portugal,2020-08-06,52061,1743,37840,452453,369,42,1013,880,1128,1282,3703,4264,4041,4467,3861,4753,3387,4473,2460,2754,1701,1911,1920,3985,0,0,0,0,1,1,1,3,10,10,40,17,107,48,208,131,506,660,NA,NA
Portugal,2020-08-05,51848,1740,37565,450524,384,41,1010,873,1121,1270,3685,4244,4026,4445,3852,4737,3372,4457,2453,2744,1696,1900,1912,3973,0,0,0,0,1,1,1,3,10,10,39,17,107,48,207,131,505,660,NA,NA
Portugal,2020-08-04,51681,1739,37318,448517,401,44,1003,868,1112,1263,3671,4236,4011,4433,3838,4726,3357,4444,2442,2735,1690,1896,1910,3968,0,0,0,0,1,1,1,3,10,10,38,17,107,48,207,131,505,660,NA,NA
Portugal,2020-08-03,51569,1738,37111,446342,390,42,1000,864,1106,1260,3664,4228,4002,4425,3827,4715,3353,4440,2431,2729,1686,1893,1906,3964,0,0,0,0,1,1,1,3,10,10,38,17,107,48,207,130,505,660,NA,NA
Portugal,2020-08-02,51463,1738,36984,445193,378,41,999,856,1104,1257,3653,4224,3993,4412,3819,4705,3345,4436,2427,2723,1681,1886,1905,3962,0,0,0,0,1,1,1,3,10,10,38,17,107,48,207,130,505,660,NA,NA
Portugal,2020-08-01,51310,1737,36783,443975,375,40,989,850,1094,1249,3640,4211,3978,4397,3809,4698,3336,4426,2426,2716,1679,1882,1902,3952,0,0,0,0,1,1,1,3,10,10,38,17,106,48,207,130,505,660,NA,NA
Portugal,2020-07-31,51072,1735,36483,442088,381,41,977,838,1088,1236,3623,4196,3959,4379,3792,4679,3322,4413,2419,2700,1671,1877,1892,3935,0,0,0,0,1,1,1,3,10,10,38,17,106,48,207,130,504,659,NA,NA
Portugal,2020-07-30,50868,1727,36140,440046,403,42,966,830,1079,1227,3606,4187,3956,4356,3771,4657,3305,4404,2412,2690,1664,1870,1889,3925,0,0,0,0,1,1,1,2,10,10,38,17,105,48,204,130,503,657,NA,NA
Portugal,2020-07-29,50613,1725,35875,437976,403,43,962,821,1073,1222,3586,4168,3934,4324,3742,4628,3294,4384,2402,2678,1657,1865,1882,3917,0,0,0,0,1,1,1,2,10,10,38,17,105,48,203,130,502,657,NA,NA
Portugal,2020-07-28,50410,1722,35626,435789,402,41,953,808,1070,1216,3560,4144,3924,4312,3726,4607,3278,4364,2393,2677,1653,1860,1879,3914,0,0,0,0,1,1,1,2,10,10,38,17,105,48,203,130,501,655,NA,NA
Portugal,2020-07-27,50299,1719,35375,433461,414,45,949,804,1068,1213,3551,4131,3922,4305,3720,4601,3272,4356,2386,2667,1647,1858,1869,3912,0,0,0,0,1,1,1,2,10,10,38,17,104,48,203,129,501,654,NA,NA
Portugal,2020-07-26,50164,1717,35217,432390,403,48,949,800,1063,1207,3543,4117,3907,4292,3706,4588,3265,4345,2385,2656,1643,1857,1868,3905,0,0,0,0,1,1,1,2,10,10,38,17,104,48,203,129,500,653,NA,NA
Portugal,2020-07-25,49955,1716,35010,431111,410,50,936,791,1060,1203,3521,4096,3887,4280,3690,4573,3249,4329,2380,2645,1640,1850,1865,3893,0,0,0,0,1,1,1,2,10,10,38,17,104,48,202,129,500,653,NA,NA
Portugal,2020-07-24,49692,1712,34687,429254,420,52,929,784,1048,1195,3496,4072,3851,4259,3668,4551,3237,4312,2366,2633,1632,1842,1861,3889,0,0,0,0,1,1,1,2,10,10,38,17,104,48,201,129,499,651,NA,NA
Portugal,2020-07-23,49379,1705,34369,427203,431,59,922,773,1036,1183,3471,4043,3811,4234,3645,4525,3216,4299,2345,2623,1626,1837,1856,3867,0,0,0,0,1,1,1,2,10,10,38,17,104,48,199,128,497,649,NA,NA
Portugal,2020-07-22,49150,1702,33999,425124,439,59,912,770,1028,1172,3447,4024,3798,4214,3618,4507,3198,4291,2335,2616,1618,1827,1852,3858,0,0,0,0,1,1,1,2,10,10,38,17,104,48,199,128,495,648,NA,NA
Portugal,2020-07-21,48898,1697,33769,423040,439,62,902,758,1021,1155,3434,3995,3777,4191,3595,4482,3184,4282,2325,2607,1608,1815,1848,3855,0,0,0,0,1,1,1,2,10,10,38,17,103,48,199,128,492,647,NA,NA
Portugal,2020-07-20,48771,1691,33547,420635,454,61,898,756,1018,1152,3423,3979,3768,4175,3589,4473,3174,4276,2316,2601,1605,1809,1846,3849,0,0,0,0,1,1,1,2,10,10,38,17,102,48,198,128,492,643,NA,NA
Portugal,2020-07-19,48636,1689,33369,419408,439,61,891,755,1014,1148,3410,3968,3760,4159,3578,4464,3165,4269,2308,2593,1602,1805,1840,3843,0,0,0,0,1,1,1,2,10,10,38,17,102,48,198,128,491,642,NA,NA
Portugal,2020-07-18,48390,1684,33153,417996,452,65,883,744,1004,1139,3403,3938,3733,4141,3561,4437,3143,4254,2296,2585,1596,1797,1837,3835,0,0,0,0,1,1,1,2,10,10,38,17,102,48,197,128,489,640,NA,NA
Portugal,2020-07-17,48077,1682,32790,415851,447,67,869,735,995,1129,3376,3904,3715,4112,3539,4406,3123,4233,2282,2567,1586,1788,1833,3821,0,0,0,0,1,1,1,2,10,10,38,17,102,48,197,128,488,639,NA,NA
Portugal,2020-07-16,47765,1679,32476,413498,476,72,853,727,984,1122,3353,3861,3691,4076,3520,4376,3103,4212,2273,2555,1579,1779,1828,3815,0,0,0,0,1,1,1,2,10,10,38,17,102,48,197,128,487,637,NA,NA
Portugal,2020-07-15,47426,1676,32110,411293,478,68,843,715,975,1105,3320,3833,3659,4036,3494,4345,3084,4191,2259,2548,1567,1770,1824,3802,0,0,0,0,1,1,1,2,10,10,38,17,102,48,196,128,486,636,NA,NA
Portugal,2020-07-14,47051,1668,31550,408951,472,69,827,707,964,1090,3284,3813,3627,3996,3455,4303,3060,4168,2248,2534,1553,1762,1813,3798,0,0,0,0,1,1,1,2,10,10,38,17,102,48,196,128,484,630,NA,NA
Portugal,2020-07-13,46818,1662,31065,406412,467,63,822,702,959,1084,3255,3785,3604,3983,3428,4284,3047,4151,2235,2524,1548,1757,1811,3791,0,0,0,0,1,1,1,2,10,10,38,17,102,48,195,126,484,627,NA,NA
Portugal,2020-07-12,46512,1660,30907,405110,462,64,809,690,947,1080,3219,3758,3573,3958,3402,4269,3022,4133,2218,2509,1540,1749,1807,3781,0,0,0,0,1,1,1,1,10,10,38,17,102,48,194,126,484,627,NA,NA
Portugal,2020-07-11,46221,1654,30655,403748,459,68,802,676,938,1068,3200,3737,3538,3940,3380,4244,2997,4129,2198,2492,1534,1738,1802,3770,0,0,0,0,1,1,1,1,10,10,38,17,102,47,193,125,481,627,NA,NA
Portugal,2020-07-10,45679,1646,30350,401296,471,66,NA,NA,NA,NA,NA,NA,NA,NA,NA,NA,NA,NA,NA,NA,NA,NA,NA,NA,0,0,0,0,1,1,1,1,10,10,38,17,102,46,190,125,478,626,NA,NA
Portugal,2020-07-09,45277,1644,30049,398922,487,73,NA,NA,NA,NA,NA,NA,NA,NA,NA,NA,NA,NA,NA,NA,NA,NA,NA,NA,0,0,0,0,1,1,1,1,10,10,38,17,102,46,190,125,477,625,NA,NA
Portugal,2020-07-08,44859,1631,29714,396521,512,74,NA,NA,NA,NA,NA,NA,NA,NA,NA,NA,NA,NA,NA,NA,NA,NA,NA,NA,0,0,0,0,1,1,1,1,10,10,38,16,102,46,190,125,472,618,NA,NA
Portugal,2020-07-07,44416,1629,29445,394134,511,76,NA,NA,NA,NA,NA,NA,NA,NA,NA,NA,NA,NA,NA,NA,NA,NA,NA,NA,0,0,0,0,1,1,1,1,10,10,38,15,102,46,189,125,472,618,NA,NA
Portugal,2020-07-06,44129,1620,29166,391651,513,74,NA,NA,NA,NA,NA,NA,NA,NA,NA,NA,NA,NA,NA,NA,NA,NA,NA,NA,0,0,0,0,1,1,1,1,10,10,38,15,102,46,187,123,469,616,NA,NA
Portugal,2020-07-05,43897,1614,29017,390400,504,73,NA,NA,NA,NA,NA,NA,NA,NA,NA,NA,NA,NA,NA,NA,NA,NA,NA,NA,0,0,0,0,1,1,1,1,10,10,37,15,100,46,187,123,467,615,NA,NA
Portugal,2020-07-04,43569,1605,28772,388969,489,73,NA,NA,NA,NA,NA,NA,NA,NA,NA,NA,NA,NA,NA,NA,NA,NA,NA,NA,0,0,0,0,1,1,1,1,10,10,37,15,100,46,187,122,466,608,NA,NA
Portugal,2020-07-03,43156,1598,28424,386926,495,72,NA,NA,NA,NA,NA,NA,NA,NA,NA,NA,NA,NA,NA,NA,NA,NA,NA,NA,0,0,0,0,1,1,1,1,10,9,37,15,99,46,187,122,464,605,NA,NA
Portugal,2020-07-02,42782,1587,28097,384973,510,77,685,578,817,950,2895,3374,3225,3627,3145,3959,2805,3885,2061,2343,1444,1633,1721,3601,0,0,0,0,1,1,1,1,10,9,35,16,98,46,185,121,460,603,NA,NA
Portugal,2020-07-01,42454,1579,27798,382818,503,79,670,573,803,937,2867,3348,3198,3591,3120,3932,2789,3865,2050,2324,1436,1617,1719,3581,0,0,0,0,1,1,1,1,10,8,35,15,98,46,183,121,459,600,NA,NA
Portugal,2020-06-30,42141,1576,27505,380476,491,73,660,572,797,926,2834,3312,3169,3552,3094,3919,2769,3847,2028,2311,1427,1612,1714,3569,0,0,0,0,1,1,1,1,10,8,35,15,98,46,183,121,458,598,NA,NA
Portugal,2020-06-29,41912,1568,27205,378073,489,71,653,564,791,920,2814,3288,3150,3527,3080,3902,2755,3835,2016,2298,1419,1605,1704,3563,0,0,0,0,1,1,1,1,10,8,35,15,97,46,182,120,456,595,NA,NA
Portugal,2020-06-28,41646,1564,27066,376815,458,75,643,559,782,908,2792,3260,3120,3506,3047,3885,2747,3817,2006,2293,1413,1598,1693,3549,0,0,0,0,1,1,1,1,10,8,35,15,97,46,182,119,455,593,NA,NA
Portugal,2020-06-27,41189,1561,26864,375490,442,70,625,549,764,888,2758,3213,3077,3464,3022,3847,2722,3789,1996,2273,1410,1585,1675,3503,0,0,0,0,1,1,1,1,10,8,35,15,97,46,181,119,455,591,NA,NA
Portugal,2020-06-26,40866,1555,26633,373293,457,67,610,536,758,877,2730,3181,3050,3431,3000,3821,2708,3763,1977,2258,1400,1580,1669,3488,0,0,0,0,1,1,1,1,10,8,34,15,97,46,180,119,452,590,NA,NA
Portugal,2020-06-25,40415,1549,26382,371024,436,67,596,520,738,860,2700,3145,3001,3389,2980,3789,2678,3745,1957,2238,1390,1562,1652,3446,0,0,0,0,1,1,1,1,10,8,34,15,96,46,180,119,448,589,NA,NA
Portugal,2020-06-24,40104,1543,26083,368967,429,73,581,509,723,846,2678,3112,2970,3359,2957,3763,2665,3724,1945,2234,1387,1552,1641,3428,0,0,0,0,1,1,1,1,10,8,34,15,95,46,179,119,446,587,NA,NA
Portugal,2020-06-23,39737,1540,25829,366777,441,72,568,501,711,839,2644,3080,2946,3323,2928,3731,2639,3706,1929,2216,1372,1535,1630,3411,0,0,0,0,1,1,0,1,10,7,34,15,95,45,179,119,446,587,NA,NA
Portugal,2020-06-22,39392,1534,25548,364305,424,72,561,491,695,827,2611,3046,2911,3289,2900,3697,2614,3685,1920,2199,1365,1530,1625,3395,0,0,0,0,1,1,0,1,10,7,34,15,94,44,178,118,446,585,NA,NA
Portugal,2020-06-21,39133,1530,25376,363133,407,69,554,490,684,820,2600,3028,2897,3269,2884,3680,2609,3672,1912,2173,1354,1520,1615,3342,0,0,0,0,1,1,0,1,10,7,34,15,94,44,178,118,443,584,NA,NA
Portugal,2020-06-20,38841,1528,24906,361848,422,70,542,478,670,812,2586,2993,2867,3246,2852,3657,2596,3643,1905,2162,1351,1512,1609,3332,0,0,0,0,1,1,0,1,10,7,34,15,94,44,177,117,444,583,NA,NA
Portugal,2020-06-19,38464,1527,24477,359579,422,67,530,463,657,795,2554,2956,2836,3209,2820,3628,2578,3619,1898,2151,1346,1510,1595,3291,0,0,0,0,1,1,0,1,10,7,34,15,94,44,176,118,443,583,NA,NA
Portugal,2020-06-18,38089,1524,24010,357291,416,67,519,450,640,776,2519,2906,2799,3180,2802,3604,2552,3595,1879,2127,1342,1506,1588,3278,0,0,0,0,1,1,0,1,10,7,34,15,93,44,176,117,443,582,NA,NA
Portugal,2020-06-17,37672,1523,23580,355207,435,69,508,440,629,756,2472,2850,2759,3152,2775,3575,2522,3577,1866,2109,1328,1492,1580,3257,0,0,0,0,1,1,0,1,10,7,34,15,93,44,176,117,442,582,NA,NA
Portugal,2020-06-16,37336,1522,23212,353178,423,71,503,435,619,749,2451,2809,2727,3127,2733,3551,2489,3545,1849,2097,1324,1484,1571,3248,0,0,0,0,1,1,0,1,10,7,34,15,93,44,176,117,442,581,NA,NA
Portugal,2020-06-15,37036,1520,22852,351057,431,73,493,435,615,738,2424,2790,2701,3103,2697,3517,2473,3522,1834,2081,1320,1476,1564,3228,0,0,0,0,1,1,0,1,10,7,34,15,93,43,175,117,442,581,NA,NA
Portugal,2020-06-14,36690,1517,22669,349997,419,73,485,432,610,728,2385,2749,2672,3075,2674,3484,2456,3491,1818,2073,1313,1466,1549,3200,0,0,0,0,1,1,0,1,10,7,34,15,93,43,175,116,440,581,NA,NA
Portugal,2020-06-13,36463,1512,22438,348837,428,77,478,423,605,719,2365,2723,2643,3056,2655,3465,2441,3471,1814,2066,1306,1460,1548,3200,0,0,0,0,1,1,0,1,10,7,34,15,91,44,175,115,440,578,NA,NA
Portugal,2020-06-12,36180,1505,22200,346703,440,73,473,424,603,711,2332,2698,2620,3037,2620,3438,2417,3456,1801,2052,1301,1450,1535,3187,0,0,0,0,1,1,0,1,10,7,33,15,90,43,173,115,439,577,NA,NA
Portugal,2020-06-11,35910,1504,22002,345495,415,70,459,414,592,695,2305,2663,2596,3017,2605,3413,2399,3439,1792,2039,1293,1446,1535,3182,0,0,0,0,1,1,0,1,10,7,33,15,90,43,172,115,439,577,NA,NA
Portugal,2020-06-10,35600,1497,21742,344217,417,70,447,403,581,681,2277,2650,2530,2983,2582,3400,2383,3412,1774,2028,1291,1443,1532,3178,0,0,0,0,1,1,0,1,10,7,33,15,88,43,171,114,437,576,NA,NA
Portugal,2020-06-09,35306,1492,21339,342060,394,65,436,391,562,672,2244,2630,2502,2957,2559,3370,2367,3386,1760,2011,1284,1440,1531,3168,0,0,0,0,1,1,0,1,10,7,33,15,88,43,171,113,434,575,NA,NA
Portugal,2020-06-08,34885,1485,21156,339624,366,55,422,386,559,666,2200,2590,2455,2925,2508,3352,2326,3361,1740,1989,1276,1432,1521,3144,0,0,0,0,1,1,0,1,10,7,32,15,88,43,171,112,434,570,NA,NA
Portugal,2020-06-07,34693,1479,20995,338500,398,58,412,379,546,661,2181,2568,2445,2916,2497,3340,2313,3343,1730,1977,1272,1429,1517,3134,0,0,0,0,1,1,0,1,10,7,32,15,87,43,170,112,430,570,NA,NA
Portugal,2020-06-06,34351,1474,20807,337333,414,57,401,371,539,652,2154,2538,2415,2894,2464,3312,2287,3323,1710,1963,1269,1420,1518,3121,0,0,0,0,1,1,0,1,10,7,31,15,87,43,170,112,427,569,NA,NA
Portugal,2020-06-05,33969,1465,20526,334923,421,58,393,362,533,637,2113,2497,2366,2860,2422,3271,2265,3299,1705,1953,1261,1406,1509,3117,0,0,0,0,1,1,0,1,10,7,31,15,87,43,168,112,424,565,NA,NA
Portugal,2020-06-04,33592,1455,20323,333106,445,58,383,355,525,626,2067,2463,2310,2820,2390,3248,2236,3273,1691,1932,1256,1398,1502,3117,0,0,0,0,1,1,0,1,10,7,31,15,86,43,168,111,422,559,NA,NA
Portugal,2020-06-03,33261,1447,20079,331094,428,56,374,350,522,618,2030,2421,2270,2781,2346,3230,2216,3239,1677,1923,1256,1393,1500,3115,0,0,0,0,1,1,0,1,10,7,31,15,85,43,167,111,418,557,NA,NA
Portugal,2020-06-02,32895,1436,19869,328873,432,58,364,341,517,601,1991,2386,2242,2752,2313,3199,2192,3217,1670,1909,1246,1377,1483,3089,0,0,0,0,1,1,0,1,10,7,31,15,84,43,166,111,414,552,NA,NA
Portugal,2020-06-01,32700,1424,19552,326278,471,64,356,335,512,596,1973,2371,2222,2731,2299,3180,2185,3202,1668,1901,1243,1367,1480,3079,0,0,0,0,1,1,0,1,10,6,31,14,83,43,165,111,410,548,NA,NA
Portugal,2020-05-31,32500,1410,19409,325026,474,64,348,325,506,592,1953,2343,2208,2710,2288,3171,2175,3190,1657,1889,1241,1359,1480,3065,0,0,0,0,1,1,0,1,9,6,31,14,82,43,163,111,407,541,NA,NA
Portugal,2020-05-30,32203,1396,19186,323663,514,63,339,315,497,584,1921,2313,2178,2679,2262,3148,2158,3165,1649,1875,1237,1354,1474,3055,0,0,0,0,1,0,0,1,9,6,31,14,82,43,162,111,403,533,NA,NA
Portugal,2020-05-29,31946,1383,18911,321290,529,66,334,312,489,576,1895,2283,2145,2653,2239,3129,2138,3149,1642,1865,1230,1344,1472,3051,0,0,0,0,1,0,0,1,9,6,30,13,81,43,160,110,400,529,NA,NA
Portugal,2020-05-28,31596,1369,18637,318810,512,65,320,306,485,567,1858,2256,2114,2622,2213,3102,2125,3128,1630,1854,1216,1321,1458,3021,0,0,0,0,1,0,0,1,9,6,29,13,79,43,159,110,393,526,NA,NA
Portugal,2020-05-27,31292,1356,18349,316364,510,66,310,297,478,559,1828,2221,2082,2597,2189,3076,2100,3112,1619,1844,1204,1316,1446,3014,0,0,0,0,1,0,0,0,9,6,29,13,78,43,156,109,391,521,NA,NA
Portugal,2020-05-26,31007,1342,18096,313886,513,71,305,293,469,549,1800,2201,2037,2568,2155,3057,2069,3093,1607,1833,1198,1316,1445,3012,0,0,0,0,1,0,0,0,9,6,28,13,77,43,153,108,388,516,NA,NA
Portugal,2020-05-25,30788,1330,17822,311223,531,72,298,287,463,540,1779,2178,2023,2549,2134,3051,2061,3084,1589,1820,1189,1312,1439,2992,0,0,0,0,1,0,0,0,9,6,28,13,76,42,151,107,384,513,NA,NA
Portugal,2020-05-24,30623,1316,17549,309966,536,78,295,284,458,535,1745,2162,2000,2545,2119,3042,2054,3069,1577,1820,1186,1312,1429,2991,0,0,0,0,1,0,0,0,9,6,27,12,75,40,148,105,383,510,NA,NA
Portugal,2020-05-23,30471,1302,7705,308584,550,80,288,279,456,529,1730,2146,1980,2535,2108,3039,2036,3064,1566,1810,1177,1311,1428,2989,0,0,0,0,1,0,0,0,9,6,27,12,75,40,147,105,377,503,NA,NA
Portugal,2020-05-22,30200,1289,7590,306171,576,84,281,274,451,524,1693,2113,1951,2526,2087,3019,2020,3044,1554,1793,1172,1302,1425,2971,0,0,0,0,1,0,0,0,9,6,28,12,77,39,146,105,369,497,NA,NA
Portugal,2020-05-21,29912,1277,6452,303811,608,92,278,269,442,513,1668,2084,1918,2498,2060,2999,2005,3025,1540,1783,1153,1298,1417,2962,0,0,0,0,1,0,0,0,7,6,28,12,75,38,144,102,369,495,NA,NA
Portugal,2020-05-20,29660,1263,6452,301225,609,93,272,265,436,507,1639,2068,1884,2480,2034,2971,1985,3014,1526,1769,1142,1294,1415,2959,0,0,0,0,1,0,0,0,7,6,28,12,75,38,144,102,362,488,NA,NA
Portugal,2020-05-19,29432,1247,6431,298501,629,101,271,260,432,497,1622,2044,1853,2460,1998,2962,1962,3001,1515,1756,1138,1292,1413,2956,0,0,0,0,1,0,0,0,7,6,28,12,74,38,141,102,356,482,NA,NA
Portugal,2020-05-18,29209,1231,6430,295449,628,105,269,259,429,493,1600,2027,1832,2431,1977,2930,1957,2985,1509,1741,1132,1287,1409,2942,0,0,0,0,1,0,0,0,7,6,28,12,73,38,140,102,349,475,NA,NA
Portugal,2020-05-17,29036,1218,4636,294009,649,108,263,255,426,490,1582,2009,1808,2416,1959,2917,1948,2965,1500,1734,1132,1285,1407,2940,0,0,0,0,1,0,0,0,7,6,28,12,72,38,139,100,347,468,NA,NA
Portugal,2020-05-16,28810,1203,3822,292249,657,115,259,253,421,484,1565,1986,1796,2393,1941,2887,1931,2932,1494,1726,1127,1281,1406,2928,0,0,0,0,1,0,0,0,7,6,28,12,69,38,136,99,344,463,NA,NA
Portugal,2020-05-15,28583,1190,3328,289309,673,112,251,248,418,475,1547,1962,1781,2376,1926,2870,1914,2910,1481,1714,1125,1277,1394,2914,0,0,0,0,1,0,0,0,7,6,28,12,67,38,136,99,337,459,NA,NA
Portugal,2020-05-14,28319,1184,3198,286285,680,108,246,245,411,469,1519,1931,1753,2348,1905,2853,1895,2897,1469,1706,1116,1272,1383,2901,0,0,0,0,1,0,0,0,7,6,28,11,67,37,136,99,337,455,NA,NA
Portugal,2020-05-13,28132,1175,3182,282961,692,103,245,239,406,466,1501,1910,1741,2331,1887,2841,1876,2870,1463,1704,1111,1271,1378,2892,0,0,0,0,1,0,0,0,6,6,28,10,67,37,136,96,335,453,NA,NA
Portugal,2020-05-12,27913,1163,3013,279933,709,113,242,236,401,463,1489,1883,1717,2310,1865,2828,1857,2853,1455,1704,1107,1258,1364,2881,0,0,0,0,1,0,0,0,6,6,28,10,66,35,136,95,332,448,NA,NA
Portugal,2020-05-11,27679,1144,2549,276153,805,112,237,236,394,455,1474,1860,1700,2289,1839,2810,1835,2838,1448,1694,1105,1253,1349,2863,0,0,0,0,1,0,0,0,5,6,27,9,64,35,134,94,326,443,NA,NA
Portugal,2020-05-10,27581,1135,2549,274536,797,112,233,235,390,452,1467,1848,1695,2288,1831,2809,1827,2830,1447,1687,1102,1251,1344,2845,0,0,0,0,1,0,0,0,5,6,27,9,63,34,133,94,324,439,NA,NA
Portugal,2020-05-09,27406,1126,2499,272443,815,120,230,235,386,445,1443,1839,1679,2273,1816,2798,1806,2815,1434,1683,1095,1244,1342,2843,0,0,0,0,1,0,0,0,5,6,27,9,63,34,133,93,323,432,NA,NA
Portugal,2020-05-08,27268,1114,2422,269266,842,127,229,235,381,438,1439,1831,1668,2264,1807,2791,1801,2804,1429,1668,1090,1228,1337,2828,0,0,0,0,1,0,0,0,5,5,24,9,61,34,133,93,321,428,NA,NA
Portugal,2020-05-07,26715,1105,2258,265572,874,135,223,231,373,431,1397,1796,1626,2191,1757,2736,1769,2746,1396,1638,1079,1210,1327,2789,0,0,0,0,1,0,0,0,5,5,24,9,61,34,132,91,320,423,NA,NA
Portugal,2020-05-06,26182,1089,2076,262041,838,136,216,223,359,423,1338,1756,1583,2128,1720,2668,1730,2701,1372,1616,1073,1202,1320,2754,0,0,0,0,1,0,0,0,5,5,24,9,61,34,128,90,315,417,NA,NA
Portugal,2020-05-05,25702,1074,1743,258488,818,134,215,221,351,423,1288,1706,1538,2077,1668,2608,1693,2650,1357,1598,1068,1196,1316,2729,0,0,0,0,1,0,0,0,5,5,24,9,59,34,127,89,313,408,NA,NA
Portugal,2020-05-04,25524,1063,1712,254510,813,143,208,217,348,422,1271,1702,1533,2067,1667,2594,1690,2642,1349,1581,1061,1172,1302,2698,0,0,0,0,0,0,0,0,5,5,23,9,59,33,126,89,312,402,NA,NA
Portugal,2020-05-03,25282,1043,1689,252889,856,144,199,212,337,418,1245,1677,1497,2041,1654,2569,1670,2602,1342,1567,1052,1155,1286,2678,0,0,0,0,0,0,0,0,5,5,23,9,58,33,123,84,307,396,NA,NA
Portugal,2020-05-02,25190,1023,1671,252728,855,150,199,212,337,418,1245,1675,1497,2040,1654,2568,1670,2599,1342,1567,1052,1155,1283,2677,0,0,0,0,0,0,0,0,5,5,23,9,57,32,119,82,299,392,NA,NA
Portugal,2020-05-01,24987,1007,1647,250905,892,154,193,208,334,417,1221,1656,1485,2016,1647,2549,1638,2593,1334,1560,1051,1149,1280,2656,0,0,0,0,0,0,0,0,5,5,22,9,56,32,116,81,294,387,NA,NA
Portugal,2020-04-30,24692,989,1519,247343,968,172,189,208,328,410,1194,1639,1466,1982,1616,2527,1620,2558,1322,1553,1047,1143,1272,2618,0,0,0,0,0,0,0,0,5,5,21,8,56,31,114,81,288,380,NA,NA
Portugal,2020-04-29,24324,973,1470,243474,980,169,189,207,316,403,1153,1604,1437,1950,1596,2499,1599,2499,1322,1552,1037,1139,1267,2555,0,0,0,0,0,0,0,0,5,5,21,7,55,31,113,78,283,375,NA,NA
Portugal,2020-04-28,24141,948,1389,238884,936,172,189,205,314,399,1149,1594,1419,1938,1586,2481,1581,2481,1316,1540,1032,1129,1257,2531,0,0,0,0,0,0,0,0,5,5,20,7,53,30,112,75,279,362,NA,NA
Portugal,2020-04-27,23846,928,1357,237390,995,176,184,196,313,395,1132,1574,1405,1924,1561,2451,1571,2460,1305,1514,1018,1109,1230,2504,0,0,0,0,0,0,0,0,5,5,20,6,52,28,111,73,272,356,NA,NA
Portugal,2020-04-26,23683,903,1329,236229,1005,182,183,195,309,391,1126,1567,1399,1915,1551,2436,1555,2450,1300,1498,1014,1100,1219,2475,0,0,0,0,0,0,0,0,5,5,18,6,52,26,109,73,264,345,NA,NA
Portugal,2020-04-25,23271,880,1277,231616,1040,186,177,191,301,382,1109,1535,1387,1880,1536,2391,1540,2418,1288,1481,1000,1073,1193,2389,0,0,0,0,0,0,0,0,5,5,18,6,52,25,107,71,259,332,NA,NA
Portugal,2020-04-24,22797,854,1228,227393,1068,188,171,189,299,372,1097,1511,1347,1842,1498,2332,1517,2363,1273,1450,990,1057,1167,2322,0,0,0,0,0,0,0,0,4,5,17,5,51,24,103,71,251,323,NA,NA
Portugal,2020-04-23,22353,820,1201,219848,1095,204,171,189,297,362,1058,1473,1321,1809,1468,2317,1490,2328,1236,1421,963,1036,1135,2279,0,0,0,0,0,0,0,0,4,5,16,5,48,23,98,70,240,311,NA,NA
Portugal,2020-04-22,21982,785,1143,210302,1146,207,171,189,295,353,1022,1437,1296,1777,1439,2302,1466,2303,1220,1401,936,1025,1108,2242,0,0,0,0,0,0,0,0,4,5,15,5,45,22,93,68,233,295,NA,NA
Portugal,2020-04-21,21379,762,917,202769,1172,213,170,189,266,321,988,1390,1271,1713,1418,2202,1439,2231,1173,1384,927,978,1097,2222,0,0,0,0,0,0,0,0,4,5,15,5,45,22,91,68,225,282,NA,NA
Portugal,2020-04-20,20863,735,610,198353,1208,215,170,189,262,319,933,1367,1237,1694,1417,2181,1391,2191,1171,1332,905,972,1041,2091,0,0,0,0,0,0,0,0,3,5,15,5,43,22,89,66,218,269,NA,NA
Portugal,2020-04-19,20206,714,610,187604,1243,224,164,181,246,290,856,1293,1181,1650,1361,2112,1377,2133,1123,1321,891,935,1030,2062,0,0,0,0,0,0,0,0,3,5,15,5,43,22,88,63,209,261,NA,NA
Portugal,2020-04-18,19685,687,610,162711,1253,228,157,171,231,277,828,1269,1150,1601,1332,2056,1349,2073,1107,1300,876,909,1000,1999,0,0,0,0,0,0,0,0,3,5,14,5,43,21,87,58,201,250,NA,NA
Portugal,2020-04-17,19022,657,519,158940,1284,222,157,165,226,261,796,1217,1106,1543,1299,1997,1310,1996,1077,1264,851,880,960,1917,0,0,0,0,0,0,0,0,3,5,13,5,42,19,83,54,193,240,NA,NA
Portugal,2020-04-16,18841,629,493,154727,1302,229,157,164,226,259,789,1205,1094,1530,1285,1982,1302,1977,1068,1251,848,867,950,1887,0,0,0,0,0,0,0,0,3,5,13,5,40,19,79,52,183,230,NA,NA
Portugal,2020-04-15,18091,599,383,150804,1200,208,151,153,220,250,754,1144,1049,1457,1221,1903,1243,1890,1030,1212,833,840,920,1821,0,0,0,0,0,0,0,0,2,5,13,5,39,19,76,49,173,218,NA,NA
Portugal,2020-04-14,17448,567,347,142514,1227,218,143,147,210,241,726,1094,1025,1397,1176,1829,1211,1817,995,1173,802,824,884,1754,0,0,0,0,0,0,0,0,2,5,13,5,39,17,71,45,162,208,NA,NA
Portugal,2020-04-13,16934,535,277,139184,1187,188,137,147,206,229,704,1059,1010,1362,1159,1773,1180,1762,986,1120,784,781,859,1676,0,0,0,0,0,0,0,0,1,5,13,4,37,16,68,43,154,194,NA,NA
Portugal,2020-04-12,16585,504,277,136243,1177,228,136,147,201,229,681,1030,995,1329,1143,1752,1163,1728,972,1101,767,750,845,1616,0,0,0,0,0,0,0,0,1,4,13,3,35,13,68,40,147,180,NA,NA
Portugal,2020-04-11,15987,470,266,130300,1175,233,133,132,191,224,657,982,966,1290,1116,1701,1127,1665,945,1065,746,714,816,1517,0,0,0,0,0,0,0,0,1,3,13,3,35,13,62,38,141,161,NA,NA
Portugal,2020-04-10,15472,435,233,123564,1179,226,126,119,186,214,649,959,954,1261,1094,1641,1093,1619,924,1035,724,682,777,1415,0,0,0,0,0,0,0,0,1,3,10,2,31,12,57,35,133,151,NA,NA
Portugal,2020-04-09,13956,409,205,115158,1173,241,105,101,161,190,598,846,872,1141,1000,1483,1005,1452,842,938,676,608,703,1235,0,0,0,0,0,0,0,0,1,3,8,2,30,12,54,34,126,139,NA,NA
Portugal,2020-04-08,13141,380,196,104886,1211,245,97,95,148,175,567,796,831,1093,957,1423,966,1386,814,896,658,568,619,1052,0,0,0,0,0,0,0,0,1,3,8,2,26,12,53,34,116,125,NA,NA
Portugal,2020-04-07,12442,345,184,99730,1180,271,92,87,140,166,538,756,797,1021,901,1338,920,1296,769,845,629,530,605,1012,0,0,0,0,0,0,0,0,1,3,7,2,25,10,50,28,105,114,NA,NA
Portugal,2020-04-06,11730,311,140,91794,1099,270,87,87,130,155,507,708,768,963,860,1269,883,1217,733,802,599,503,562,897,0,0,0,0,0,0,0,0,1,3,6,2,22,7,45,26,100,99,NA,NA
Portugal,2020-04-05,11278,295,75,86370,1084,267,81,81,123,153,487,692,738,933,826,1232,863,1170,714,777,580,479,532,817,0,0,0,0,0,0,0,0,1,3,6,2,21,6,42,24,98,92,NA,NA
Portugal,2020-04-04,10524,266,75,81087,1075,251,76,74,115,137,450,632,690,877,771,1157,813,1095,673,723,549,450,495,747,0,0,0,0,0,0,0,0,1,3,6,2,20,4,38,22,84,86,NA,NA
Portugal,2020-04-03,9886,246,68,74377,1058,245,68,65,104,132,425,580,648,825,734,1093,761,1025,646,679,525,420,466,690,0,0,0,0,0,0,0,0,0,2,7,2,18,3,35,23,83,73,NA,NA
Portugal,2020-04-02,9034,209,68,66895,1042,240,52,63,97,122,390,506,593,735,681,970,701,929,605,622,490,402,435,641,0,0,0,0,0,0,0,0,0,2,6,2,16,2,30,15,73,63,NA,NA
Portugal,2020-04-01,8251,187,43,59457,726,230,49,55,89,116,355,470,543,677,641,879,636,840,564,569,455,378,381,554,0,0,0,0,0,0,0,0,0,2,6,1,16,1,27,14,62,58,NA,NA
Portugal,2020-03-31,7443,160,43,52086,627,188,44,50,80,104,318,437,505,610,585,798,573,773,515,513,416,342,318,462,0,0,0,0,0,0,0,0,0,2,5,1,16,1,25,13,50,47,NA,NA
Portugal,2020-03-30,6408,140,43,44206,571,164,30,41,66,83,264,373,436,529,510,700,503,647,458,443,360,308,269,388,0,0,0,0,0,0,0,0,0,2,5,1,15,1,23,8,45,40,NA,NA
Portugal,2020-03-29,5962,119,43,38042,486,138,24,40,63,75,241,347,407,495,482,664,469,615,438,412,336,275,245,334,0,0,0,0,0,0,0,0,0,2,4,1,14,1,20,7,38,32,NA,NA
Portugal,2020-03-28,5170,100,43,32754,418,89,22,34,56,67,216,302,362,439,434,568,398,533,377,359,286,224,208,285,0,0,0,0,0,0,0,0,0,2,4,1,13,1,17,4,31,27,NA,NA
Portugal,2020-03-27,4268,76,43,25431,354,71,19,30,50,54,179,254,307,364,359,462,346,429,319,294,236,179,161,222,0,0,0,0,0,0,0,0,0,1,3,1,9,1,14,4,23,20,NA,NA
Portugal,2020-03-26,3544,60,43,22257,191,61,14,29,49,51,166,234,268,310,304,367,277,360,255,229,184,133,128,186,0,0,0,0,0,0,0,0,0,0,3,1,8,0,14,1,16,17,NA,NA
Portugal,2020-03-25,2995,43,22,21155,276,61,13,21,35,42,157,191,230,260,272,279,252,283,198,226,142,134,110,150,0,0,0,0,0,0,0,0,0,0,3,1,7,0,7,0,13,12,NA,NA
Portugal,2020-03-24,2362,33,22,15474,NA,NA,7,18,30,35,133,145,188,206,224,224,208,215,158,190,107,106,73,95,0,0,0,0,0,0,0,0,0,0,2,1,4,0,5,0,12,9,NA,NA
